timestamp,scale_factor,base_scale_factor,manual_scale_factor
1756158756,1.00002975,1.00002975,1.0
1756159200,1.00002975,1.00002975,1.0
1756166400,1.00002975,1.00002975,1.0
1756173600,1.00002975,1.00002975,1.0
1756180800,1.00002975,1.00002975,1.0
1756188000,1.00002975,1.00002975,1.0
1756195200,1.00002975,1.00002975,1.0
1756202400,1.00002975,1.00002975,1.0
1756209600,1.00002975,1.00002975,1.0
1756216800,1.00002975,1.00002975,1.0
1756224000,1.00002975,1.00002975,1.0
1756231200,1.00002975,1.00002975,1.0
1756238400,1.00002975,1.00002975,1.0
1756245600,1.00002975,1.00002975,1.0
1756252800,1.00002975,1.00002975,1.0
1756260000,1.00002975,1.00002975,1.0
1756267200,1.00002975,1.00002975,1.0
1756274400,1.00002975,1.00002975,1.0
1756281600,1.00002975,1.00002975,1.0
1756288800,1.00002975,1.00002975,1.0
1756296000,1.00002975,1.00002975,1.0
1756303200,1.00002975,1.00002975,1.0
1756310400,1.00002975,1.00002975,1.0
1756317600,1.00002975,1.00002975,1.0
1756324800,1.00002975,1.00002975,1.0
1756332000,1.00002975,1.00002975,1.0
1756339200,1.00002975,1.00002975,1.0
1756346400,1.00002975,1.00002975,1.0
1756353600,1.00002975,1.00002975,1.0
1756360800,1.00002975,1.00002975,1.0
1756368000,1.00002975,1.00002975,1.0
1756375200,1.00002975,1.00002975,1.0
1756382400,1.00002975,1.00002975,1.0
1756389600,1.00002975,1.00002975,1.0
1756396800,1.00002975,1.00002975,1.0
1756404000,1.00002975,1.00002975,1.0
1756411200,1.00002975,1.00002975,1.0
1756418400,1.00002975,1.00002975,1.0
1756425600,1.00002975,1.00002975,1.0
1756432800,1.00002975,1.00002975,1.0
1756440000,1.00002975,1.00002975,1.0
1756447200,1.00002975,1.00002975,1.0
1756454400,1.00002975,1.00002975,1.0
1756461600,1.00002975,1.00002975,1.0
1756468800,1.00002975,1.00002975,1.0
1756476000,1.00002975,1.00002975,1.0
1756483200,1.00002975,1.00002975,1.0
1756490400,1.00002975,1.00002975,1.0
1756497600,1.00002975,1.00002975,1.0
1756504800,1.00002975,1.00002975,1.0
1756512000,1.00002975,1.00002975,1.0
1756519200,1.00002975,1.00002975,1.0
1756526400,1.00002975,1.00002975,1.0
1756533600,1.00002975,1.00002975,1.0
1756540800,1.00002975,1.00002975,1.0
1756548000,1.00002749,1.00002749,1.0
1756555200,0.9999918,0.9999918,1.0
1756562400,0.99995774,0.99995774,1.0
1756569600,0.99992528,0.99992528,1.0
1756576800,0.99989439,0.99989439,1.0
1756584000,0.99986507,0.99986507,1.0
1756591200,0.99983727,0.99983727,1.0
1756598400,0.99981098,0.99981098,1.0
1756605600,0.99978617,0.99978617,1.0
1756612800,0.99976282,0.99976282,1.0
1756620000,0.9997409,0.9997409,1.0
1756627200,0.99972039,0.99972039,1.0
1756634400,0.99970126,0.99970126,1.0
1756641600,0.9996835,0.9996835,1.0
1756648800,0.99966706,0.99966706,1.0
1756656000,0.99965194,0.99965194,1.0
1756663200,0.99963811,0.99963811,1.0
1756670400,0.99962554,0.99962554,1.0
1756677600,0.9996142,0.9996142,1.0
1756684800,0.99960408,0.99960408,1.0
1756692000,0.99959515,0.99959515,1.0
1756699200,0.99958738,0.99958738,1.0
1756706400,0.99958075,0.99958075,1.0
1756713600,0.99957524,0.99957524,1.0
1756720800,0.99957081,0.99957081,1.0
1756728000,0.99956746,0.99956746,1.0
1756735200,0.99956515,0.99956515,1.0
1756742400,0.99956385,0.99956385,1.0
1756749600,0.99956355,0.99956355,1.0
1756756800,0.99956422,0.99956422,1.0
1756764000,0.99956583,0.99956583,1.0
1756771200,0.99956836,0.99956836,1.0
1756778400,0.99957179,0.99957179,1.0
1756785600,0.99957609,0.99957609,1.0
1756792800,0.99958124,0.99958124,1.0
1756800000,0.99958721,0.99958721,1.0
1756807200,0.99959397,0.99959397,1.0
1756814400,0.99960151,0.99960151,1.0
1756821600,0.99960981,0.99960981,1.0
1756828800,0.99961882,0.99961882,1.0
1756836000,0.99962854,0.99962854,1.0
1756843200,0.99963893,0.99963893,1.0
1756850400,0.99964997,0.99964997,1.0
1756857600,0.99966165,0.99966165,1.0
1756864800,0.99967392,0.99967392,1.0
1756872000,0.99968677,0.99968677,1.0
1756879200,0.99970018,0.99970018,1.0
1756886400,0.99971412,0.99971412,1.0
1756893600,0.99972856,0.99972856,1.0
1756900800,0.99974348,0.99974348,1.0
1756908000,0.99975886,0.99975886,1.0
1756915200,0.99977467,0.99977467,1.0
1756922400,0.99979089,0.99979089,1.0
1756929600,0.9998075,0.9998075,1.0
1756936800,0.99982446,0.99982446,1.0
1756944000,0.99984175,0.99984175,1.0
1756951200,0.99985936,0.99985936,1.0
1756958400,0.99987725,0.99987725,1.0
1756965600,0.9998954,0.9998954,1.0
1756972800,0.99991379,0.99991379,1.0
1756980000,0.9999324,0.9999324,1.0
1756987200,0.99995119,0.99995119,1.0
1756994400,0.99997014,0.99997014,1.0
1757001600,0.99998923,0.99998923,1.0
1757008800,1.00000844,1.00000844,1.0
1757016000,1.00002774,1.00002774,1.0
1757023200,1.0000471,1.0000471,1.0
1757030400,1.00006651,1.00006651,1.0
1757037600,1.00008593,1.00008593,1.0
1757044800,1.00010535,1.00010535,1.0
1757052000,1.00012473,1.00012473,1.0
1757059200,1.00014406,1.00014406,1.0
1757066400,1.0001633,1.0001633,1.0
1757073600,1.00018245,1.00018245,1.0
1757080800,1.00020146,1.00020146,1.0
1757088000,1.00022032,1.00022032,1.0
1757095200,1.000239,1.000239,1.0
1757102400,1.00025748,1.00025748,1.0
1757109600,1.00027573,1.00027573,1.0
1757116800,1.00029373,1.00029373,1.0
1757124000,1.00031145,1.00031145,1.0
1757131200,1.00032888,1.00032888,1.0
1757138400,1.00034598,1.00034598,1.0
1757145600,1.00036273,1.00036273,1.0
1757152800,1.00037911,1.00037911,1.0
1757160000,1.00039509,1.00039509,1.0
1757167200,1.00041064,1.00041064,1.0
1757174400,1.00042575,1.00042575,1.0
1757181600,1.00044039,1.00044039,1.0
1757188800,1.00045454,1.00045454,1.0
1757196000,1.00046816,1.00046816,1.0
1757203200,1.00048124,1.00048124,1.0
1757210400,1.00049375,1.00049375,1.0
1757217600,1.00050567,1.00050567,1.0
1757224800,1.00051697,1.00051697,1.0
1757232000,1.00052763,1.00052763,1.0
1757239200,1.00053762,1.00053762,1.0
1757246400,1.00054693,1.00054693,1.0
1757253600,1.00055551,1.00055551,1.0
1757260800,1.00056336,1.00056336,1.0
1757268000,1.00057044,1.00057044,1.0
1757275200,1.00057674,1.00057674,1.0
1757282400,1.00058222,1.00058222,1.0
1757289600,1.00058686,1.00058686,1.0
1757296800,1.00059065,1.00059065,1.0
1757304000,1.00059355,1.00059355,1.0
1757311200,1.00059553,1.00059553,1.0
1757318400,1.00059659,1.00059659,1.0
1757325600,1.00059668,1.00059668,1.0
1757332800,1.0005958,1.0005958,1.0
1757340000,1.00059397,1.00059397,1.0
1757347200,1.00059122,1.00059122,1.0
1757354400,1.00058758,1.00058758,1.0
1757361600,1.00058308,1.00058308,1.0
1757368800,1.00057776,1.00057776,1.0
1757376000,1.00057163,1.00057163,1.0
1757383200,1.00056473,1.00056473,1.0
1757390400,1.0005571,1.0005571,1.0
1757397600,1.00054876,1.00054876,1.0
1757404800,1.00053974,1.00053974,1.0
1757412000,1.00053007,1.00053007,1.0
1757419200,1.00051979,1.00051979,1.0
1757426400,1.00050892,1.00050892,1.0
1757433600,1.00049749,1.00049749,1.0
1757440800,1.00048553,1.00048553,1.0
1757448000,1.00047308,1.00047308,1.0
1757455200,1.00046016,1.00046016,1.0
1757462400,1.00044681,1.00044681,1.0
1757469600,1.00043305,1.00043305,1.0
1757476800,1.00041891,1.00041891,1.0
1757484000,1.00040443,1.00040443,1.0
1757491200,1.00038963,1.00038963,1.0
1757498400,1.00037455,1.00037455,1.0
1757505600,1.00035921,1.00035921,1.0
1757512800,1.00034365,1.00034365,1.0
1757520000,1.0003279,1.0003279,1.0
1757527200,1.00031198,1.00031198,1.0
1757534400,1.00029593,1.00029593,1.0
1757541600,1.00027977,1.00027977,1.0
1757548800,1.00026354,1.00026354,1.0
1757556000,1.00024727,1.00024727,1.0
1757563200,1.00023098,1.00023098,1.0
1757570400,1.00021472,1.00021472,1.0
1757577600,1.00019849,1.00019849,1.0
1757584800,1.00018235,1.00018235,1.0
1757592000,1.00016632,1.00016632,1.0
1757599200,1.00015042,1.00015042,1.0
1757606400,1.00013469,1.00013469,1.0
1757613600,1.00011916,1.00011916,1.0
1757620800,1.00010386,1.00010386,1.0
1757628000,1.00008882,1.00008882,1.0
1757635200,1.00007407,1.00007407,1.0
1757642400,1.00005964,1.00005964,1.0
1757649600,1.00004556,1.00004556,1.0
1757656800,1.00003186,1.00003186,1.0
1757664000,1.00001857,1.00001857,1.0
1757671200,1.00000572,1.00000572,1.0
1757678400,0.99999334,0.99999334,1.0
1757685600,0.99998146,0.99998146,1.0
1757692800,0.99997011,0.99997011,1.0
1757700000,0.99995932,0.99995932,1.0
1757707200,0.99994913,0.99994913,1.0
1757714400,0.99993956,0.99993956,1.0
1757721600,0.99993064,0.99993064,1.0
1757728800,0.9999224,0.9999224,1.0
1757736000,0.99991488,0.99991488,1.0
1757743200,0.99990809,0.99990809,1.0
1757750400,0.99990209,0.99990209,1.0
1757757600,0.99989688,0.99989688,1.0
1757764800,0.99989251,0.99989251,1.0
1757772000,0.999889,0.999889,1.0
1757779200,0.99988639,0.99988639,1.0
1757786400,0.9998847,0.9998847,1.0
1757793600,0.99988396,0.99988396,1.0
1757800800,0.99988421,0.99988421,1.0
1757808000,0.99988548,0.99988548,1.0
1757815200,0.99988779,0.99988779,1.0
1757822400,0.99989117,0.99989117,1.0
1757829600,0.99989566,0.99989566,1.0
1757836800,0.99990129,0.99990129,1.0
1757844000,0.99990808,0.99990808,1.0
1757851200,0.99991606,0.99991606,1.0
1757858400,0.99992517,0.99992517,1.0
1757865600,0.99993537,0.99993537,1.0
1757872800,0.99994659,0.99994659,1.0
1757880000,0.9999588,0.9999588,1.0
1757887200,0.99997193,0.99997193,1.0
1757894400,0.99998593,0.99998593,1.0
1757901600,1.00000076,1.00000076,1.0
1757908800,1.00001635,1.00001635,1.0
1757916000,1.00003265,1.00003265,1.0
1757923200,1.00004961,1.00004961,1.0
1757930400,1.00006717,1.00006717,1.0
1757937600,1.00008529,1.00008529,1.0
1757944800,1.00010391,1.00010391,1.0
1757952000,1.00012298,1.00012298,1.0
1757959200,1.00014244,1.00014244,1.0
1757966400,1.00016224,1.00016224,1.0
1757973600,1.00018232,1.00018232,1.0
1757980800,1.00020265,1.00020265,1.0
1757988000,1.00022315,1.00022315,1.0
1757995200,1.00024378,1.00024378,1.0
1758002400,1.00026448,1.00026448,1.0
1758009600,1.0002852,1.0002852,1.0
1758016800,1.0003059,1.0003059,1.0
1758024000,1.0003265,1.0003265,1.0
1758031200,1.00034697,1.00034697,1.0
1758038400,1.00036725,1.00036725,1.0
1758045600,1.00038728,1.00038728,1.0
1758052800,1.00040702,1.00040702,1.0
1758060000,1.0004264,1.0004264,1.0
1758067200,1.00044538,1.00044538,1.0
1758074400,1.0004639,1.0004639,1.0
1758081600,1.00048191,1.00048191,1.0
1758088800,1.00049936,1.00049936,1.0
1758096000,1.00051619,1.00051619,1.0
1758103200,1.00053235,1.00053235,1.0
1758110400,1.0005478,1.0005478,1.0
1758117600,1.00056255,1.00056255,1.0
1758124800,1.00057661,1.00057661,1.0
1758132000,1.00058999,1.00058999,1.0
1758139200,1.00060272,1.00060272,1.0
1758146400,1.00061481,1.00061481,1.0
1758153600,1.00062628,1.00062628,1.0
1758160800,1.00063713,1.00063713,1.0
1758168000,1.00064739,1.00064739,1.0
1758175200,1.00065707,1.00065707,1.0
1758182400,1.00066619,1.00066619,1.0
1758189600,1.00067476,1.00067476,1.0
1758196800,1.00068279,1.00068279,1.0
1758204000,1.00069032,1.00069032,1.0
1758211200,1.00069734,1.00069734,1.0
1758218400,1.00070387,1.00070387,1.0
1758225600,1.00070994,1.00070994,1.0
1758232800,1.00071555,1.00071555,1.0
1758240000,1.00072073,1.00072073,1.0
1758247200,1.00072548,1.00072548,1.0
1758254400,1.00072982,1.00072982,1.0
1758261600,1.00073378,1.00073378,1.0
1758268800,1.00073735,1.00073735,1.0
1758276000,1.00074057,1.00074057,1.0
1758283200,1.00074344,1.00074344,1.0
1758290400,1.00074599,1.00074599,1.0
1758297600,1.00074822,1.00074822,1.0
1758304800,1.00075015,1.00075015,1.0
1758312000,1.0007518,1.0007518,1.0
1758319200,1.00075319,1.00075319,1.0
1758326400,1.00075432,1.00075432,1.0
1758333600,1.00075522,1.00075522,1.0
1758340800,1.0007559,1.0007559,1.0
1758348000,1.00075637,1.00075637,1.0
1758355200,1.00075666,1.00075666,1.0
1758362400,1.00075677,1.00075677,1.0
1758369600,1.00075673,1.00075673,1.0
1758376800,1.00075654,1.00075654,1.0
1758384000,1.00075623,1.00075623,1.0
1758391200,1.00075581,1.00075581,1.0
1758398400,1.00075529,1.00075529,1.0
1758405600,1.0007547,1.0007547,1.0
1758412800,1.00075404,1.00075404,1.0
1758420000,1.00075333,1.00075333,1.0
1758427200,1.00075259,1.00075259,1.0
1758434400,1.00075183,1.00075183,1.0
1758441600,1.00075107,1.00075107,1.0
1758448800,1.00075033,1.00075033,1.0
1758456000,1.00074962,1.00074962,1.0
1758463200,1.00074895,1.00074895,1.0
1758470400,1.00074834,1.00074834,1.0
1758477600,1.00074781,1.00074781,1.0
1758484800,1.00074738,1.00074738,1.0
1758492000,1.00074705,1.00074705,1.0
1758499200,1.00074684,1.00074684,1.0
1758506400,1.00074678,1.00074678,1.0
1758513600,1.00074687,1.00074687,1.0
1758520800,1.00074713,1.00074713,1.0
1758528000,1.00074757,1.00074757,1.0
1758535200,1.00074822,1.00074822,1.0
1758542400,1.00074908,1.00074908,1.0
1758549600,1.00075018,1.00075018,1.0
1758556800,1.00075153,1.00075153,1.0
1758564000,1.00075314,1.00075314,1.0
1758571200,1.00075503,1.00075503,1.0
1758578400,1.00075722,1.00075722,1.0
1758585600,1.00075971,1.00075971,1.0
1758592800,1.00076254,1.00076254,1.0
1758600000,1.0007657,1.0007657,1.0
1758607200,1.00076923,1.00076923,1.0
1758614400,1.00077313,1.00077313,1.0
1758621600,1.00077741,1.00077741,1.0
1758628800,1.0007821,1.0007821,1.0
1758636000,1.00078722,1.00078722,1.0
1758643200,1.00079276,1.00079276,1.0
1758650400,1.00079876,1.00079876,1.0
1758657600,1.00080523,1.00080523,1.0
1758664800,1.00081218,1.00081218,1.0
1758672000,1.00081962,1.00081962,1.0
1758679200,1.00082759,1.00082759,1.0
1758686400,1.00083608,1.00083608,1.0
1758693600,1.00084511,1.00084511,1.0
1758700800,1.00085471,1.00085471,1.0
1758708000,1.00086488,1.00086488,1.0
1758715200,1.00087565,1.00087565,1.0
1758722400,1.00088702,1.00088702,1.0
1758729600,1.00089902,1.00089902,1.0
1758736800,1.00091165,1.00091165,1.0
1758744000,1.00092494,1.00092494,1.0
1758751200,1.0009389,1.0009389,1.0
1758758400,1.00095355,1.00095355,1.0
1758765600,1.00096889,1.00096889,1.0
1758772800,1.00098496,1.00098496,1.0
1758780000,1.00100175,1.00100175,1.0
1758787200,1.00101929,1.00101929,1.0
1758794400,1.0010376,1.0010376,1.0
1758801600,1.00105669,1.00105669,1.0
1758808800,1.00107657,1.00107657,1.0
1758816000,1.00109726,1.00109726,1.0
1758823200,1.00111878,1.00111878,1.0
1758830400,1.00114114,1.00114114,1.0
1758837600,1.00116436,1.00116436,1.0
1758844800,1.00118845,1.00118845,1.0
1758852000,1.00121343,1.00121343,1.0
1758859200,1.00123931,1.00123931,1.0
1758866400,1.00126612,1.00126612,1.0
1758873600,1.00129386,1.00129386,1.0
1758880800,1.00132254,1.00132254,1.0
1758888000,1.00135218,1.00135218,1.0
1758895200,1.00138266,1.00138266,1.0
1758902400,1.0014139,1.0014139,1.0
1758909600,1.00144579,1.00144579,1.0
1758916800,1.00147822,1.00147822,1.0
1758924000,1.00151108,1.00151108,1.0
1758931200,1.00154428,1.00154428,1.0
1758938400,1.00157771,1.00157771,1.0
1758945600,1.00161127,1.00161127,1.0
1758952800,1.00164484,1.00164484,1.0
1758960000,1.00167834,1.00167834,1.0
1758967200,1.00171164,1.00171164,1.0
1758974400,1.00174466,1.00174466,1.0
1758981600,1.00177728,1.00177728,1.0
1758988800,1.0018094,1.0018094,1.0
1758996000,1.00184092,1.00184092,1.0
1759003200,1.00187173,1.00187173,1.0
1759010400,1.00190173,1.00190173,1.0
1759017600,1.00193081,1.00193081,1.0
1759024800,1.00195887,1.00195887,1.0
1759032000,1.0019858,1.0019858,1.0
1759039200,1.00201151,1.00201151,1.0
1759046400,1.00203588,1.00203588,1.0
1759053600,1.00205882,1.00205882,1.0
1759060800,1.00208021,1.00208021,1.0
1759068000,1.00209996,1.00209996,1.0
1759075200,1.00211796,1.00211796,1.0
1759082400,1.00213411,1.00213411,1.0
1759089600,1.00214829,1.00214829,1.0
1759096800,1.00216042,1.00216042,1.0
1759104000,1.00217038,1.00217038,1.0
1759111200,1.00217806,1.00217806,1.0
1759118400,1.00218337,1.00218337,1.0
1759125600,1.00218621,1.00218621,1.0
1759132800,1.00218646,1.00218646,1.0
1759140000,1.00218402,1.00218402,1.0
1759147200,1.00217883,1.00217883,1.0
1759154400,1.00217098,1.00217098,1.0
1759161600,1.00216058,1.00216058,1.0
1759168800,1.00214775,1.00214775,1.0
1759176000,1.0021326,1.0021326,1.0
1759183200,1.00211525,1.00211525,1.0
1759190400,1.00209581,1.00209581,1.0
1759197600,1.0020744,1.0020744,1.0
1759204800,1.00205113,1.00205113,1.0
1759212000,1.00202612,1.00202612,1.0
1759219200,1.00199949,1.00199949,1.0
1759226400,1.00197134,1.00197134,1.0
1759233600,1.0019418,1.0019418,1.0
1759240800,1.00191097,1.00191097,1.0
1759248000,1.00187898,1.00187898,1.0
1759255200,1.00184594,1.00184594,1.0
1759262400,1.00181196,1.00181196,1.0
1759269600,1.00177717,1.00177717,1.0
1759276800,1.00174166,1.00174166,1.0
1759284000,1.00170557,1.00170557,1.0
1759291200,1.001669,1.001669,1.0
1759298400,1.00163208,1.00163208,1.0
1759305600,1.00159491,1.00159491,1.0
1759312800,1.0015576,1.0015576,1.0
1759320000,1.00152029,1.00152029,1.0
1759327200,1.00148308,1.00148308,1.0
1759334400,1.00144608,1.00144608,1.0
1759341600,1.00140941,1.00140941,1.0
1759348800,1.00137319,1.00137319,1.0
1759356000,1.00133753,1.00133753,1.0
1759363200,1.00130255,1.00130255,1.0
1759370400,1.00126836,1.00126836,1.0
1759377600,1.00123508,1.00123508,1.0
1759384800,1.00120282,1.00120282,1.0
1759392000,1.0011717,1.0011717,1.0
1759399200,1.00114183,1.00114183,1.0
1759406400,1.0011133,1.0011133,1.0
1759413600,1.00108609,1.00108609,1.0
1759420800,1.00106016,1.00106016,1.0
1759428000,1.00103547,1.00103547,1.0
1759435200,1.00101199,1.00101199,1.0
1759442400,1.00098966,1.00098966,1.0
1759449600,1.00096847,1.00096847,1.0
1759456800,1.00094836,1.00094836,1.0
1759464000,1.0009293,1.0009293,1.0
1759471200,1.00091125,1.00091125,1.0
1759478400,1.00089417,1.00089417,1.0
1759485600,1.00087802,1.00087802,1.0
1759492800,1.00086276,1.00086276,1.0
1759500000,1.00084836,1.00084836,1.0
1759507200,1.00083477,1.00083477,1.0
1759514400,1.00082195,1.00082195,1.0
1759521600,1.00080988,1.00080988,1.0
1759528800,1.0007985,1.0007985,1.0
1759536000,1.00078779,1.00078779,1.0
1759543200,1.00077769,1.00077769,1.0
1759550400,1.00076818,1.00076818,1.0
1759557600,1.00075921,1.00075921,1.0
1759564800,1.00075074,1.00075074,1.0
1759572000,1.00074274,1.00074274,1.0
1759579200,1.00073517,1.00073517,1.0
1759586400,1.00072798,1.00072798,1.0
1759593600,1.00072115,1.00072115,1.0
1759600800,1.00071462,1.00071462,1.0
1759608000,1.00070837,1.00070837,1.0
1759615200,1.00070235,1.00070235,1.0
1759622400,1.00069652,1.00069652,1.0
1759629600,1.00069085,1.00069085,1.0
1759636800,1.00068529,1.00068529,1.0
1759644000,1.00067981,1.00067981,1.0
1759651200,1.00067437,1.00067437,1.0
1759658400,1.00066893,1.00066893,1.0
1759665600,1.00066346,1.00066346,1.0
1759672800,1.0006579,1.0006579,1.0
1759680000,1.00065223,1.00065223,1.0
1759687200,1.0006464,1.0006464,1.0
1759694400,1.00064037,1.00064037,1.0
1759701600,1.00063412,1.00063412,1.0
1759708800,1.00062759,1.00062759,1.0
1759716000,1.00062075,1.00062075,1.0
1759723200,1.00061356,1.00061356,1.0
1759730400,1.00060599,1.00060599,1.0
1759737600,1.00059798,1.00059798,1.0
1759744800,1.00058951,1.00058951,1.0
1759752000,1.00058054,1.00058054,1.0
1759759200,1.00057102,1.00057102,1.0
1759766400,1.00056092,1.00056092,1.0
1759773600,1.0005502,1.0005502,1.0
1759780800,1.00053882,1.00053882,1.0
1759788000,1.00052674,1.00052674,1.0
1759795200,1.00051392,1.00051392,1.0
1759802400,1.00050032,1.00050032,1.0
1759809600,1.00048591,1.00048591,1.0
1759816800,1.00047065,1.00047065,1.0
1759824000,1.00045449,1.00045449,1.0
1759831200,1.0004374,1.0004374,1.0
1759838400,1.00041934,1.00041934,1.0
1759845600,1.00040027,1.00040027,1.0
1759852800,1.00038016,1.00038016,1.0
1759860000,1.00035895,1.00035895,1.0
1759867200,1.00033662,1.00033662,1.0
1759874400,1.00031313,1.00031313,1.0
1759881600,1.00028843,1.00028843,1.0
1759888800,1.00026249,1.00026249,1.0
1759896000,1.00023526,1.00023526,1.0
1759903200,1.00020672,1.00020672,1.0
1759910400,1.00017682,1.00017682,1.0
1759917600,1.00014552,1.00014552,1.0
1759924800,1.0001128,1.0001128,1.0
1759932000,1.0000787,1.0000787,1.0
1759939200,1.00004326,1.00004326,1.0
1759946400,1.00000652,1.00000652,1.0
1759953600,0.99996854,0.99996854,1.0
1759960800,0.99992935,0.99992935,1.0
1759968000,0.99988901,0.99988901,1.0
1759975200,0.99984757,0.99984757,1.0
1759982400,0.99980505,0.99980505,1.0
1759989600,0.99976152,0.99976152,1.0
1759996800,0.99971702,0.99971702,1.0
1760004000,0.9996716,0.9996716,1.0
1760011200,0.99962529,0.99962529,1.0
1760018400,0.99957816,0.99957816,1.0
1760025600,0.99953023,0.99953023,1.0
1760032800,0.99948157,0.99948157,1.0
1760040000,0.9994322,0.9994322,1.0
1760047200,0.99938219,0.99938219,1.0
1760054400,0.99933158,0.99933158,1.0
1760061600,0.99928041,0.99928041,1.0
1760068800,0.99922873,0.99922873,1.0
1760076000,0.99917658,0.99917658,1.0
1760083200,0.99912401,0.99912401,1.0
1760090400,0.99907108,0.99907108,1.0
1760097600,0.99901781,0.99901781,1.0
1760104800,0.99896426,0.99896426,1.0
1760112000,0.99891048,0.99891048,1.0
1760119200,0.99885651,0.99885651,1.0
1760126400,0.99880239,0.99880239,1.0
1760133600,0.99874818,0.99874818,1.0
1760140800,0.99869392,0.99869392,1.0
1760148000,0.99863965,0.99863965,1.0
1760155200,0.99858542,0.99858542,1.0
1760162400,0.99853128,0.99853128,1.0
1760169600,0.99847727,0.99847727,1.0
1760176800,0.99842345,0.99842345,1.0
1760184000,0.99836982,0.99836982,1.0
1760191200,0.99831636,0.99831636,1.0
1760198400,0.99826299,0.99826299,1.0
1760205600,0.99820968,0.99820968,1.0
1760212800,0.99815634,0.99815634,1.0
1760220000,0.99810293,0.99810293,1.0
1760227200,0.99804939,0.99804939,1.0
1760234400,0.99799567,0.99799567,1.0
1760241600,0.99794169,0.99794169,1.0
1760248800,0.9978874,0.9978874,1.0
1760256000,0.99783276,0.99783276,1.0
1760263200,0.99777768,0.99777768,1.0
1760270400,0.99772213,0.99772213,1.0
1760277600,0.99766603,0.99766603,1.0
1760284800,0.99760934,0.99760934,1.0
1760292000,0.99755199,0.99755199,1.0
1760299200,0.99749392,0.99749392,1.0
1760306400,0.99743509,0.99743509,1.0
1760313600,0.99737541,0.99737541,1.0
1760320800,0.99731485,0.99731485,1.0
1760328000,0.99725334,0.99725334,1.0
1760335200,0.99719083,0.99719083,1.0
1760342400,0.99712724,0.99712724,1.0
1760349600,0.99706254,0.99706254,1.0
1760356800,0.99699665,0.99699665,1.0
1760364000,0.99692952,0.99692952,1.0
1760371200,0.99686109,0.99686109,1.0
1760378400,0.99679131,0.99679131,1.0
1760385600,0.99672011,0.99672011,1.0
1760392800,0.99664743,0.99664743,1.0
1760400000,0.99657323,0.99657323,1.0
1760407200,0.99649743,0.99649743,1.0
1760414400,0.99641998,0.99641998,1.0
1760421600,0.99634083,0.99634083,1.0
1760428800,0.99625991,0.99625991,1.0
1760436000,0.99617716,0.99617716,1.0
1760443200,0.99609254,0.99609254,1.0
1760450400,0.99600597,0.99600597,1.0
1760457600,0.99591741,0.99591741,1.0
1760464800,0.99582678,0.99582678,1.0
1760472000,0.99573404,0.99573404,1.0
1760479200,0.99563913,0.99563913,1.0
1760486400,0.99554198,0.99554198,1.0
1760493600,0.99544255,0.99544255,1.0
1760500800,0.99534076,0.99534076,1.0
1760508000,0.99523657,0.99523657,1.0
1760515200,0.99512991,0.99512991,1.0
1760522400,0.99502072,0.99502072,1.0
1760529600,0.99490896,0.99490896,1.0
1760536800,0.99479455,0.99479455,1.0
1760544000,0.99467744,0.99467744,1.0
1760551200,0.99455757,0.99455757,1.0
1760558400,0.99443489,0.99443489,1.0
1760565600,0.99430934,0.99430934,1.0
1760572800,0.99418085,0.99418085,1.0
1760580000,0.99404937,0.99404937,1.0
1760587200,0.99391484,0.99391484,1.0
1760594400,0.9937772,0.9937772,1.0
1760601600,0.99363639,0.99363639,1.0
1760608800,0.99349236,0.99349236,1.0
1760616000,0.99334505,0.99334505,1.0
1760623200,0.9931944,0.9931944,1.0
1760630400,0.99304035,0.99304035,1.0
1760637600,0.99288283,0.99288283,1.0
1760644800,0.99272181,0.99272181,1.0
1760652000,0.9925572,0.9925572,1.0
1760659200,0.99238897,0.99238897,1.0
1760666400,0.99221704,0.99221704,1.0
1760673600,0.99204136,0.99204136,1.0
1760680800,0.99186188,0.99186188,1.0
1760688000,0.99167853,0.99167853,1.0
1760695200,0.99149125,0.99149125,1.0
1760702400,0.99130003,0.99130003,1.0
1760709600,0.99110497,0.99110497,1.0
1760716800,0.99090621,0.99090621,1.0
1760724000,0.99070388,0.99070388,1.0
1760731200,0.99049813,0.99049813,1.0
1760738400,0.99028908,0.99028908,1.0
1760745600,0.99007687,0.99007687,1.0
1760752800,0.98986163,0.98986163,1.0
1760760000,0.9896435,0.9896435,1.0
1760767200,0.98942262,0.98942262,1.0
1760774400,0.98919912,0.98919912,1.0
1760781600,0.98897314,0.98897314,1.0
1760788800,0.9887448,0.9887448,1.0
1760796000,0.98851425,0.98851425,1.0
1760803200,0.98828163,0.98828163,1.0
1760810400,0.98804706,0.98804706,1.0
1760817600,0.98781068,0.98781068,1.0
1760824800,0.98757263,0.98757263,1.0
1760832000,0.98733304,0.98733304,1.0
1760839200,0.98709204,0.98709204,1.0
1760846400,0.98684978,0.98684978,1.0
1760853600,0.98660639,0.98660639,1.0
1760860800,0.986362,0.986362,1.0
1760868000,0.98611675,0.98611675,1.0
1760875200,0.98587077,0.98587077,1.0
1760882400,0.9856242,0.9856242,1.0
1760889600,0.98537718,0.98537718,1.0
1760896800,0.98512983,0.98512983,1.0
1760904000,0.98488229,0.98488229,1.0
1760911200,0.98463471,0.98463471,1.0
1760918400,0.98438721,0.98438721,1.0
1760925600,0.98413993,0.98413993,1.0
1760932800,0.983893,0.983893,1.0
1760940000,0.98364657,0.98364657,1.0
1760947200,0.98340076,0.98340076,1.0
1760954400,0.98315571,0.98315571,1.0
1760961600,0.98291155,0.98291155,1.0
1760968800,0.98266843,0.98266843,1.0
1760976000,0.98242647,0.98242647,1.0
1760983200,0.98218581,0.98218581,1.0
1760990400,0.98194659,0.98194659,1.0
1760997600,0.98170894,0.98170894,1.0
1761004800,0.981473,0.981473,1.0
1761012000,0.9812389,0.9812389,1.0
1761019200,0.98100677,0.98100677,1.0
1761026400,0.98077676,0.98077676,1.0
1761033600,0.98054899,0.98054899,1.0
1761040800,0.98032361,0.98032361,1.0
1761048000,0.98010075,0.98010075,1.0
1761055200,0.97988054,0.97988054,1.0
1761062400,0.97966311,0.97966311,1.0
1761069600,0.97944862,0.97944862,1.0
1761076800,0.97923717,0.97923717,1.0
1761084000,0.97902893,0.97902893,1.0
1761091200,0.97882401,0.97882401,1.0
1761098400,0.97862255,0.97862255,1.0
1761105600,0.9784247,0.9784247,1.0
1761112800,0.97823058,0.97823058,1.0
1761120000,0.97804033,0.97804033,1.0
1761127200,0.97785408,0.97785408,1.0
1761134400,0.97767198,0.97767198,1.0
1761141600,0.97749415,0.97749415,1.0
1761148800,0.97732073,0.97732073,1.0
1761156000,0.97715185,0.97715185,1.0
1761163200,0.97698766,0.97698766,1.0
1761170400,0.97682828,0.97682828,1.0
1761177600,0.97667386,0.97667386,1.0
1761184800,0.97652452,0.97652452,1.0
1761192000,0.9763804,0.9763804,1.0
1761199200,0.97624164,0.97624164,1.0
1761206400,0.97610837,0.97610837,1.0
1761213600,0.97598073,0.97598073,1.0
1761220800,0.97585879,0.97585879,1.0
1761228000,0.9757424,0.9757424,1.0
1761235200,0.97563139,0.97563139,1.0
1761242400,0.97552557,0.97552557,1.0
1761249600,0.97542476,0.97542476,1.0
1761256800,0.97532877,0.97532877,1.0
1761264000,0.97523741,0.97523741,1.0
1761271200,0.97515051,0.97515051,1.0
1761278400,0.97506788,0.97506788,1.0
1761285600,0.97498933,0.97498933,1.0
1761292800,0.97491468,0.97491468,1.0
1761300000,0.97484375,0.97484375,1.0
1761307200,0.97477635,0.97477635,1.0
1761314400,0.9747123,0.9747123,1.0
1761321600,0.97465141,0.97465141,1.0
1761328800,0.9745935,0.9745935,1.0
1761336000,0.97453838,0.97453838,1.0
1761343200,0.97448588,0.97448588,1.0
1761350400,0.97443581,0.97443581,1.0
1761357600,0.97438797,0.97438797,1.0
1761364800,0.9743422,0.9743422,1.0
1761372000,0.97429829,0.97429829,1.0
1761379200,0.97425608,0.97425608,1.0
1761386400,0.97421538,0.97421538,1.0
1761393600,0.97417599,0.97417599,1.0
1761400800,0.97413774,0.97413774,1.0
1761408000,0.97410045,0.97410045,1.0
1761415200,0.97406392,0.97406392,1.0
1761422400,0.97402798,0.97402798,1.0
1761429600,0.97399244,0.97399244,1.0
1761436800,0.97395711,0.97395711,1.0
1761444000,0.97392182,0.97392182,1.0
1761451200,0.97388638,0.97388638,1.0
1761458400,0.97385059,0.97385059,1.0
1761465600,0.97381429,0.97381429,1.0
1761472800,0.97377728,0.97377728,1.0
1761480000,0.97373943,0.97373943,1.0
1761487200,0.97370078,0.97370078,1.0
1761494400,0.9736614,0.9736614,1.0
1761501600,0.97362136,0.97362136,1.0
1761508800,0.97358073,0.97358073,1.0
1761516000,0.97353958,0.97353958,1.0
1761523200,0.97349799,0.97349799,1.0
1761530400,0.97345602,0.97345602,1.0
1761537600,0.97341374,0.97341374,1.0
1761544800,0.97337124,0.97337124,1.0
1761552000,0.97332857,0.97332857,1.0
1761559200,0.97328581,0.97328581,1.0
1761566400,0.97324303,0.97324303,1.0
1761573600,0.9732003,0.9732003,1.0
1761580800,0.97315769,0.97315769,1.0
1761588000,0.97311528,0.97311528,1.0
1761595200,0.97307313,0.97307313,1.0
1761602400,0.97303132,0.97303132,1.0
1761609600,0.97298992,0.97298992,1.0
1761616800,0.972949,0.972949,1.0
1761624000,0.97290862,0.97290862,1.0
1761631200,0.97286887,0.97286887,1.0
1761638400,0.9728298,0.9728298,1.0
1761645600,0.9727915,0.9727915,1.0
1761652800,0.97275404,0.97275404,1.0
1761660000,0.97271748,0.97271748,1.0
1761667200,0.97268189,0.97268189,1.0
1761674400,0.97264736,0.97264736,1.0
1761681600,0.97261394,0.97261394,1.0
1761688800,0.97258171,0.97258171,1.0
1761696000,0.97255075,0.97255075,1.0
1761703200,0.97252112,0.97252112,1.0
1761710400,0.97249289,0.97249289,1.0
1761717600,0.97246613,0.97246613,1.0
1761724800,0.97244092,0.97244092,1.0
1761732000,0.97241733,0.97241733,1.0
1761739200,0.97239542,0.97239542,1.0
1761746400,0.97237528,0.97237528,1.0
1761753600,0.97235697,0.97235697,1.0
1761760800,0.97234055,0.97234055,1.0
1761768000,0.97232611,0.97232611,1.0
1761775200,0.97231372,0.97231372,1.0
1761782400,0.97230344,0.97230344,1.0
1761789600,0.97229534,0.97229534,1.0
1761796800,0.97228951,0.97228951,1.0
1761804000,0.972286,0.972286,1.0
1761811200,0.97228489,0.97228489,1.0
1761818400,0.97228625,0.97228625,1.0
1761825600,0.97229016,0.97229016,1.0
1761832800,0.97229667,0.97229667,1.0
1761840000,0.97230588,0.97230588,1.0
1761847200,0.97231783,0.97231783,1.0
1761854400,0.97233262,0.97233262,1.0
1761861600,0.9723503,0.9723503,1.0
1761868800,0.97237095,0.97237095,1.0
1761876000,0.97239464,0.97239464,1.0
1761883200,0.97242145,0.97242145,1.0
1761890400,0.97245143,0.97245143,1.0
1761897600,0.97248467,0.97248467,1.0
1761904800,0.97252123,0.97252123,1.0
1761912000,0.97256119,0.97256119,1.0
1761919200,0.97260462,0.97260462,1.0
1761926400,0.97265159,0.97265159,1.0
1761933600,0.97270216,0.97270216,1.0
1761940800,0.97275642,0.97275642,1.0
1761948000,0.97281443,0.97281443,1.0
1761955200,0.97287626,0.97287626,1.0
1761962400,0.97294198,0.97294198,1.0
1761969600,0.97301167,0.97301167,1.0
1761976800,0.9730854,0.9730854,1.0
1761984000,0.97316323,0.97316323,1.0
1761991200,0.97324524,0.97324524,1.0
1761998400,0.97332525,0.97332525,1.0
1762005600,0.97332525,0.97332525,1.0
1762012800,0.97332525,0.97332525,1.0
1762020000,0.97332525,0.97332525,1.0
1762027200,0.97332525,0.97332525,1.0
1762034400,0.97332525,0.97332525,1.0
1762041600,0.97332525,0.97332525,1.0
1762048800,0.97332525,0.97332525,1.0
1762056000,0.97332525,0.97332525,1.0
1762063200,0.97332525,0.97332525,1.0
1762070400,0.97332525,0.97332525,1.0
1762077600,0.97332525,0.97332525,1.0
1762084800,0.97332525,0.97332525,1.0
1762092000,0.97332525,0.97332525,1.0
1762099200,0.97332525,0.97332525,1.0
1762106400,0.97332525,0.97332525,1.0
1762113600,0.97332525,0.97332525,1.0
1762120800,0.97332525,0.97332525,1.0
1762128000,0.97332525,0.97332525,1.0
1762134623,0.97332525,0.97332525,1.0
1762136939,0.97741427,0.97741427,1.0
1762142400,0.97741427,0.97741427,1.0
1762149600,0.97741427,0.97741427,1.0
1762156800,0.97741427,0.97741427,1.0
1762164000,0.97741427,0.97741427,1.0
1762171200,0.97741427,0.97741427,1.0
1762178400,0.97741427,0.97741427,1.0
1762185600,0.97741427,0.97741427,1.0
1762192800,0.97741427,0.97741427,1.0
1762200000,0.97741427,0.97741427,1.0
1762207200,0.97741427,0.97741427,1.0
1762214400,0.97741427,0.97741427,1.0
1762221600,0.97741427,0.97741427,1.0
1762228800,0.97741427,0.97741427,1.0
1762236000,0.97741427,0.97741427,1.0
1762243200,0.97741427,0.97741427,1.0
1762250400,0.97741427,0.97741427,1.0
1762257600,0.97741427,0.97741427,1.0
1762264800,0.97741427,0.97741427,1.0
1762272000,0.97742975,0.97742975,1.0
1762279200,0.97745118,0.97745118,1.0
1762286400,0.97747372,0.97747372,1.0
1762293600,0.97749735,0.97749735,1.0
1762300800,0.97752201,0.97752201,1.0
1762308000,0.97754767,0.97754767,1.0
1762315200,0.97757427,0.97757427,1.0
1762322400,0.97760179,0.97760179,1.0
1762329600,0.97763017,0.97763017,1.0
1762336800,0.97765938,0.97765938,1.0
1762344000,0.97768937,0.97768937,1.0
1762351200,0.9777201,0.9777201,1.0
1762358400,0.97775152,0.97775152,1.0
1762365600,0.97778361,0.97778361,1.0
1762372800,0.9778163,0.9778163,1.0
1762380000,0.97784957,0.97784957,1.0
1762387200,0.97788336,0.97788336,1.0
1762394400,0.97791764,0.97791764,1.0
1762401600,0.97795236,0.97795236,1.0
1762408800,0.97798749,0.97798749,1.0
1762416000,0.97802297,0.97802297,1.0
1762423200,0.97805878,0.97805878,1.0
1762430400,0.97809485,0.97809485,1.0
1762437600,0.97813116,0.97813116,1.0
1762444800,0.97816766,0.97816766,1.0
1762452000,0.97820431,0.97820431,1.0
1762459200,0.97824106,0.97824106,1.0
1762466400,0.97827787,0.97827787,1.0
1762473600,0.97831471,0.97831471,1.0
1762480800,0.97835152,0.97835152,1.0
1762488000,0.97838828,0.97838828,1.0
1762495200,0.97842492,0.97842492,1.0
1762502400,0.97846142,0.97846142,1.0
1762509600,0.97849773,0.97849773,1.0
1762516800,0.9785338,0.9785338,1.0
1762524000,0.9785696,0.9785696,1.0
1762531200,0.97860509,0.97860509,1.0
1762538400,0.97864023,0.97864023,1.0
1762545600,0.97867504,0.97867504,1.0
1762552800,0.97870948,0.97870948,1.0
1762560000,0.97874356,0.97874356,1.0
1762567200,0.97877727,0.97877727,1.0
1762574400,0.97881058,0.97881058,1.0
1762581600,0.9788435,0.9788435,1.0
1762588800,0.97887601,0.97887601,1.0
1762596000,0.97890809,0.97890809,1.0
1762603200,0.97893975,0.97893975,1.0
1762610400,0.97897097,0.97897097,1.0
1762617600,0.97900174,0.97900174,1.0
1762624800,0.97903205,0.97903205,1.0
1762632000,0.97906188,0.97906188,1.0
1762639200,0.97909123,0.97909123,1.0
1762646400,0.97912009,0.97912009,1.0
1762653600,0.97914845,0.97914845,1.0
1762660800,0.97917629,0.97917629,1.0
1762668000,0.97920361,0.97920361,1.0
1762675200,0.9792304,0.9792304,1.0
1762682400,0.97925664,0.97925664,1.0
1762689600,0.97928232,0.97928232,1.0
1762696800,0.97930744,0.97930744,1.0
1762704000,0.97933198,0.97933198,1.0
1762711200,0.97935594,0.97935594,1.0
1762718400,0.9793793,0.9793793,1.0
1762725600,0.97940205,0.97940205,1.0
1762732800,0.97942418,0.97942418,1.0
1762740000,0.97944568,0.97944568,1.0
1762747200,0.97946655,0.97946655,1.0
1762754400,0.97948676,0.97948676,1.0
1762761600,0.97950632,0.97950632,1.0
1762768800,0.9795252,0.9795252,1.0
1762776000,0.9795434,0.9795434,1.0
1762783200,0.97956091,0.97956091,1.0
1762790400,0.97957772,0.97957772,1.0
1762797600,0.97959386,0.97959386,1.0
1762804800,0.97960935,0.97960935,1.0
1762812000,0.97962423,0.97962423,1.0
1762819200,0.97963854,0.97963854,1.0
1762826400,0.97965232,0.97965232,1.0
1762833600,0.9796656,0.9796656,1.0
1762840800,0.97967841,0.97967841,1.0
1762848000,0.97969079,0.97969079,1.0
1762855200,0.97970278,0.97970278,1.0
1762862400,0.97971441,0.97971441,1.0
1762869600,0.97972571,0.97972571,1.0
1762876800,0.97973673,0.97973673,1.0
1762884000,0.97974749,0.97974749,1.0
1762891200,0.97975804,0.97975804,1.0
1762898400,0.97976841,0.97976841,1.0
1762905600,0.97977863,0.97977863,1.0
1762912800,0.97978873,0.97978873,1.0
1762920000,0.97979877,0.97979877,1.0
1762927200,0.97980876,0.97980876,1.0
1762934400,0.97981875,0.97981875,1.0
1762941600,0.97982877,0.97982877,1.0
1762948800,0.97983886,0.97983886,1.0
1762956000,0.97984904,0.97984904,1.0
1762963200,0.97985937,0.97985937,1.0
1762970400,0.97986987,0.97986987,1.0
1762977600,0.97988057,0.97988057,1.0
1762984800,0.97989152,0.97989152,1.0
1762992000,0.97990275,0.97990275,1.0
1762999200,0.9799143,0.9799143,1.0
1763006400,0.97992619,0.97992619,1.0
1763013600,0.97993847,0.97993847,1.0
1763020800,0.97995117,0.97995117,1.0
1763028000,0.97996432,0.97996432,1.0
1763035200,0.97997797,0.97997797,1.0
1763042400,0.97999214,0.97999214,1.0
1763049600,0.98000688,0.98000688,1.0
1763056800,0.98002221,0.98002221,1.0
1763064000,0.98003818,0.98003818,1.0
1763071200,0.98005482,0.98005482,1.0
1763078400,0.98007216,0.98007216,1.0
1763085600,0.98009024,0.98009024,1.0
1763092800,0.9801091,0.9801091,1.0
1763100000,0.98012876,0.98012876,1.0
1763107200,0.98014927,0.98014927,1.0
1763114400,0.98017067,0.98017067,1.0
1763121600,0.98019298,0.98019298,1.0
1763128800,0.98021624,0.98021624,1.0
1763136000,0.98024049,0.98024049,1.0
1763143200,0.98026577,0.98026577,1.0
1763150400,0.9802921,0.9802921,1.0
1763157600,0.98031953,0.98031953,1.0
1763164800,0.98034808,0.98034808,1.0
1763172000,0.9803778,0.9803778,1.0
1763179200,0.98040872,0.98040872,1.0
1763186400,0.98044088,0.98044088,1.0
1763193600,0.98047431,0.98047431,1.0
1763200800,0.98050904,0.98050904,1.0
1763208000,0.98054512,0.98054512,1.0
1763215200,0.98058258,0.98058258,1.0
1763222400,0.98062144,0.98062144,1.0
1763229600,0.98066176,0.98066176,1.0
1763236800,0.98070356,0.98070356,1.0
1763244000,0.98074688,0.98074688,1.0
1763251200,0.98079175,0.98079175,1.0
1763258400,0.98083822,0.98083822,1.0
1763265600,0.98088631,0.98088631,1.0
1763272800,0.98093606,0.98093606,1.0
1763280000,0.98098751,0.98098751,1.0
1763287200,0.98104069,0.98104069,1.0
1763294400,0.98109563,0.98109563,1.0
1763301600,0.98115238,0.98115238,1.0
1763308800,0.98121096,0.98121096,1.0
1763316000,0.9812713,0.9812713,1.0
1763323200,0.98133331,0.98133331,1.0
1763330400,0.98139687,0.98139687,1.0
1763337600,0.98146189,0.98146189,1.0
1763344800,0.98152824,0.98152824,1.0
1763352000,0.98159584,0.98159584,1.0
1763359200,0.98166458,0.98166458,1.0
1763366400,0.98173434,0.98173434,1.0
1763373600,0.98180503,0.98180503,1.0
1763380800,0.98187654,0.98187654,1.0
1763388000,0.98194876,0.98194876,1.0
1763395200,0.98202159,0.98202159,1.0
1763402400,0.98209492,0.98209492,1.0
1763409600,0.98216865,0.98216865,1.0
1763416800,0.98224268,0.98224268,1.0
1763424000,0.98231689,0.98231689,1.0
1763431200,0.98239118,0.98239118,1.0
1763438400,0.98246545,0.98246545,1.0
1763445600,0.98253959,0.98253959,1.0
1763452800,0.9826135,0.9826135,1.0
1763460000,0.98268707,0.98268707,1.0
1763467200,0.98276019,0.98276019,1.0
1763474400,0.98283277,0.98283277,1.0
1763481600,0.98290469,0.98290469,1.0
1763488800,0.98297585,0.98297585,1.0
1763496000,0.98304614,0.98304614,1.0
1763503200,0.98311546,0.98311546,1.0
1763510400,0.98318371,0.98318371,1.0
1763517600,0.98325077,0.98325077,1.0
1763524800,0.98331655,0.98331655,1.0
1763532000,0.98338093,0.98338093,1.0
1763539200,0.98344382,0.98344382,1.0
1763546400,0.9835051,0.9835051,1.0
1763553600,0.98356468,0.98356468,1.0
1763560800,0.98362244,0.98362244,1.0
1763568000,0.98367829,0.98367829,1.0
1763575200,0.98373224,0.98373224,1.0
1763582400,0.98378432,0.98378432,1.0
1763589600,0.98383459,0.98383459,1.0
1763596800,0.98388308,0.98388308,1.0
1763604000,0.98392984,0.98392984,1.0
1763611200,0.98397493,0.98397493,1.0
1763618400,0.98401839,0.98401839,1.0
1763625600,0.98406025,0.98406025,1.0
1763632800,0.98410057,0.98410057,1.0
1763640000,0.9841394,0.9841394,1.0
1763647200,0.98417678,0.98417678,1.0
1763654400,0.98421275,0.98421275,1.0
1763661600,0.98424737,0.98424737,1.0
1763668800,0.98428067,0.98428067,1.0
1763676000,0.98431271,0.98431271,1.0
1763683200,0.98434352,0.98434352,1.0
1763690400,0.98437316,0.98437316,1.0
1763697600,0.98440167,0.98440167,1.0
1763704800,0.9844291,0.9844291,1.0
1763712000,0.9844555,0.9844555,1.0
1763719200,0.9844809,0.9844809,1.0
1763726400,0.98450535,0.98450535,1.0
1763733600,0.98452891,0.98452891,1.0
1763740800,0.98455162,0.98455162,1.0
1763748000,0.98457351,0.98457351,1.0
1763755200,0.98459465,0.98459465,1.0
1763762400,0.98461507,0.98461507,1.0
1763769600,0.98463482,0.98463482,1.0
1763776800,0.98465395,0.98465395,1.0
1763784000,0.9846725,0.9846725,1.0
1763791200,0.98469052,0.98469052,1.0
1763798400,0.98470805,0.98470805,1.0
1763805600,0.98472514,0.98472514,1.0
1763812800,0.98474184,0.98474184,1.0
1763820000,0.9847582,0.9847582,1.0
1763827200,0.98477424,0.98477424,1.0
1763834400,0.98479004,0.98479004,1.0
1763841600,0.98480561,0.98480561,1.0
1763848800,0.98482102,0.98482102,1.0
1763856000,0.98483629,0.98483629,1.0
1763863200,0.98485149,0.98485149,1.0
1763870400,0.98486664,0.98486664,1.0
1763877600,0.98488179,0.98488179,1.0
1763884800,0.98489699,0.98489699,1.0
1763892000,0.98491228,0.98491228,1.0
1763899200,0.9849277,0.9849277,1.0
1763906400,0.98494329,0.98494329,1.0
1763913600,0.9849591,0.9849591,1.0
1763920800,0.98497518,0.98497518,1.0
1763928000,0.98499156,0.98499156,1.0
1763935200,0.98500829,0.98500829,1.0
1763942400,0.98502542,0.98502542,1.0
1763949600,0.98504297,0.98504297,1.0
1763956800,0.98506101,0.98506101,1.0
1763964000,0.98507957,0.98507957,1.0
1763971200,0.9850987,0.9850987,1.0
1763978400,0.98511843,0.98511843,1.0
1763985600,0.98513882,0.98513882,1.0
1763992800,0.9851599,0.9851599,1.0
1764000000,0.98518172,0.98518172,1.0
1764007200,0.98520433,0.98520433,1.0
1764014400,0.98522776,0.98522776,1.0
1764021600,0.98525206,0.98525206,1.0
1764028800,0.98527727,0.98527727,1.0
1764036000,0.98530344,0.98530344,1.0
1764043200,0.9853306,0.9853306,1.0
1764050400,0.98535881,0.98535881,1.0
1764057600,0.98538811,0.98538811,1.0
1764064800,0.98541854,0.98541854,1.0
1764072000,0.98545013,0.98545013,1.0
1764079200,0.98548295,0.98548295,1.0
1764086400,0.98551701,0.98551701,1.0
1764093600,0.98555233,0.98555233,1.0
1764100800,0.98558887,0.98558887,1.0
1764108000,0.98562661,0.98562661,1.0
1764115200,0.98566552,0.98566552,1.0
1764122400,0.98570558,0.98570558,1.0
1764129600,0.98574676,0.98574676,1.0
1764136800,0.98578902,0.98578902,1.0
1764144000,0.98583236,0.98583236,1.0
1764151200,0.98587674,0.98587674,1.0
1764158400,0.98592213,0.98592213,1.0
1764165600,0.9859685,0.9859685,1.0
1764172800,0.98601585,0.98601585,1.0
1764180000,0.98606412,0.98606412,1.0
1764187200,0.98611331,0.98611331,1.0
1764194400,0.98616338,0.98616338,1.0
1764201600,0.98621431,0.98621431,1.0
1764208800,0.98626606,0.98626606,1.0
1764216000,0.98631863,0.98631863,1.0
1764223200,0.98637197,0.98637197,1.0
1764230400,0.98642607,0.98642607,1.0
1764237600,0.98648089,0.98648089,1.0
1764244800,0.98653641,0.98653641,1.0
1764252000,0.98659261,0.98659261,1.0
1764259200,0.98664945,0.98664945,1.0
1764266400,0.98670692,0.98670692,1.0
1764273600,0.98676498,0.98676498,1.0
1764280800,0.98682362,0.98682362,1.0
1764288000,0.98688279,0.98688279,1.0
1764295200,0.98694249,0.98694249,1.0
1764302400,0.98700267,0.98700267,1.0
1764309600,0.98706332,0.98706332,1.0
1764316800,0.98712441,0.98712441,1.0
1764324000,0.98718591,0.98718591,1.0
1764331200,0.98724779,0.98724779,1.0
1764338400,0.98731004,0.98731004,1.0
1764345600,0.98737262,0.98737262,1.0
1764352800,0.98743551,0.98743551,1.0
1764360000,0.98749868,0.98749868,1.0
1764367200,0.98756211,0.98756211,1.0
1764374400,0.98762576,0.98762576,1.0
1764381600,0.98768962,0.98768962,1.0
1764388800,0.98775366,0.98775366,1.0
1764396000,0.98781785,0.98781785,1.0
1764403200,0.98788216,0.98788216,1.0
1764410400,0.98794657,0.98794657,1.0
1764417600,0.98801105,0.98801105,1.0
1764424800,0.98807558,0.98807558,1.0
1764432000,0.98814013,0.98814013,1.0
1764439200,0.98820467,0.98820467,1.0
1764446400,0.98826918,0.98826918,1.0
1764453600,0.98833363,0.98833363,1.0
1764460800,0.988398,0.988398,1.0
1764468000,0.98846225,0.98846225,1.0
1764475200,0.98852637,0.98852637,1.0
1764482400,0.98859033,0.98859033,1.0
1764489600,0.9886541,0.9886541,1.0
1764496800,0.98871765,0.98871765,1.0
1764504000,0.98878096,0.98878096,1.0
1764511200,0.988844,0.988844,1.0
1764518400,0.98890675,0.98890675,1.0
1764525600,0.98896917,0.98896917,1.0
1764532800,0.98903125,0.98903125,1.0
1764540000,0.98909296,0.98909296,1.0
1764547200,0.98915427,0.98915427,1.0
1764554400,0.98921516,0.98921516,1.0
1764561600,0.98927559,0.98927559,1.0
1764568800,0.98933555,0.98933555,1.0
1764576000,0.989395,0.989395,1.0
1764583200,0.98945393,0.98945393,1.0
1764590400,0.98951229,0.98951229,1.0
1764597600,0.98957008,0.98957008,1.0
1764604800,0.98962726,0.98962726,1.0
1764612000,0.9896838,0.9896838,1.0
1764619200,0.98973969,0.98973969,1.0
1764626400,0.98979488,0.98979488,1.0
1764633600,0.98984937,0.98984937,1.0
1764640800,0.98990311,0.98990311,1.0
1764648000,0.98995609,0.98995609,1.0
1764655200,0.99000828,0.99000828,1.0
1764662400,0.99005965,0.99005965,1.0
1764669600,0.99011018,0.99011018,1.0
1764676800,0.99015984,0.99015984,1.0
1764684000,0.9902086,0.9902086,1.0
1764691200,0.99025644,0.99025644,1.0
1764698400,0.99030334,0.99030334,1.0
1764705600,0.99034925,0.99034925,1.0
1764712800,0.99039417,0.99039417,1.0
1764720000,0.99043806,0.99043806,1.0
1764727200,0.9904809,0.9904809,1.0
1764734400,0.99052266,0.99052266,1.0
1764741600,0.99056331,0.99056331,1.0
1764748800,0.99060283,0.99060283,1.0
1764756000,0.99064119,0.99064119,1.0
1764763200,0.99067837,0.99067837,1.0
1764770400,0.99071434,0.99071434,1.0
1764777600,0.99074908,0.99074908,1.0
1764784800,0.99078255,0.99078255,1.0
1764792000,0.99081473,0.99081473,1.0
1764799200,0.9908456,0.9908456,1.0
1764806400,0.99087513,0.99087513,1.0
1764813600,0.99090329,0.99090329,1.0
1764820800,0.99093006,0.99093006,1.0
1764828000,0.99095541,0.99095541,1.0
1764835200,0.99097931,0.99097931,1.0
1764842400,0.99100174,0.99100174,1.0
1764849600,0.99102267,0.99102267,1.0
1764856800,0.99104208,0.99104208,1.0
1764864000,0.99105995,0.99105995,1.0
1764871200,0.99107629,0.99107629,1.0
1764878400,0.99109116,0.99109116,1.0
1764885600,0.9911046,0.9911046,1.0
1764892800,0.99111666,0.99111666,1.0
1764900000,0.99112739,0.99112739,1.0
1764907200,0.99113682,0.99113682,1.0
1764914400,0.99114502,0.99114502,1.0
1764921600,0.99115202,0.99115202,1.0
1764928800,0.99115787,0.99115787,1.0
1764936000,0.99116262,0.99116262,1.0
1764943200,0.99116632,0.99116632,1.0
1764950400,0.99116901,0.99116901,1.0
1764957600,0.99117073,0.99117073,1.0
1764964800,0.99117154,0.99117154,1.0
1764972000,0.99117148,0.99117148,1.0
1764979200,0.9911706,0.9911706,1.0
1764986400,0.99116894,0.99116894,1.0
1764993600,0.99116656,0.99116656,1.0
1765000800,0.99116349,0.99116349,1.0
1765008000,0.99115979,0.99115979,1.0
1765015200,0.9911555,0.9911555,1.0
1765022400,0.99115066,0.99115066,1.0
1765029600,0.99114533,0.99114533,1.0
1765036800,0.99113955,0.99113955,1.0
1765044000,0.99113337,0.99113337,1.0
1765051200,0.99112683,0.99112683,1.0
1765058400,0.99111998,0.99111998,1.0
1765065600,0.99111287,0.99111287,1.0
1765072800,0.99110555,0.99110555,1.0
1765080000,0.99109805,0.99109805,1.0
1765087200,0.99109043,0.99109043,1.0
1765094400,0.99108274,0.99108274,1.0
1765101600,0.99107501,0.99107501,1.0
1765108800,0.9910673,0.9910673,1.0
1765116000,0.99105966,0.99105966,1.0
1765123200,0.99105212,0.99105212,1.0
1765130400,0.99104474,0.99104474,1.0
1765137600,0.99103757,0.99103757,1.0
1765144800,0.99103064,0.99103064,1.0
1765152000,0.99102402,0.99102402,1.0
1765159200,0.99101773,0.99101773,1.0
1765166400,0.99101183,0.99101183,1.0
1765173600,0.99100637,0.99100637,1.0
1765180800,0.9910014,0.9910014,1.0
1765188000,0.99099695,0.99099695,1.0
1765195200,0.99099308,0.99099308,1.0
1765202400,0.99098983,0.99098983,1.0
1765209600,0.99098725,0.99098725,1.0
1765216800,0.99098539,0.99098539,1.0
1765224000,0.99098429,0.99098429,1.0
1765231200,0.990984,0.990984,1.0
1765238400,0.99098456,0.99098456,1.0
1765245600,0.99098603,0.99098603,1.0
1765252800,0.99098844,0.99098844,1.0
1765260000,0.99099185,0.99099185,1.0
1765267200,0.99099631,0.99099631,1.0
1765274400,0.99100185,0.99100185,1.0
1765281600,0.99100853,0.99100853,1.0
1765288800,0.99101639,0.99101639,1.0
1765296000,0.99102547,0.99102547,1.0
1765303200,0.99103584,0.99103584,1.0
1765310400,0.99104752,0.99104752,1.0
1765317600,0.99106057,0.99106057,1.0
1765324800,0.99107504,0.99107504,1.0
1765332000,0.99109097,0.99109097,1.0
1765339200,0.99110841,0.99110841,1.0
1765346400,0.9911274,0.9911274,1.0
1765353600,0.991148,0.991148,1.0
1765360800,0.99117024,0.99117024,1.0
1765368000,0.99119418,0.99119418,1.0
1765375200,0.99121986,0.99121986,1.0
1765382400,0.99124732,0.99124732,1.0
1765389600,0.99127662,0.99127662,1.0
1765396800,0.9913078,0.9913078,1.0
1765404000,0.99134091,0.99134091,1.0
1765411200,0.991376,0.991376,1.0
1765418400,0.9914131,0.9914131,1.0
1765425600,0.99145227,0.99145227,1.0
1765432800,0.99149356,0.99149356,1.0
1765440000,0.991537,0.991537,1.0
1765447200,0.99158266,0.99158266,1.0
1765454400,0.99163057,0.99163057,1.0
1765461600,0.99168077,0.99168077,1.0
1765468800,0.99173333,0.99173333,1.0
1765476000,0.99178828,0.99178828,1.0
1765483200,0.99184567,0.99184567,1.0
1765490400,0.99190554,0.99190554,1.0
1765497600,0.99196795,0.99196795,1.0
1765504800,0.99203294,0.99203294,1.0
1765512000,0.99210056,0.99210056,1.0
1765519200,0.99217085,0.99217085,1.0
1765526400,0.99224386,0.99224386,1.0
1765533600,0.99231964,0.99231964,1.0
1765540800,0.99239823,0.99239823,1.0
1765548000,0.99247968,0.99247968,1.0
1765555200,0.99256403,0.99256403,1.0
1765562400,0.99265134,0.99265134,1.0
1765569600,0.99274165,0.99274165,1.0
1765576800,0.992835,0.992835,1.0
1765584000,0.99293145,0.99293145,1.0
1765591200,0.99301792,0.99301792,1.0
1765598400,0.99301792,0.99301792,1.0
1765605600,0.99301792,0.99301792,1.0
1765612800,0.99301792,0.99301792,1.0
1765620000,0.99301792,0.99301792,1.0
1765627200,0.99301792,0.99301792,1.0
1765634400,0.99301792,0.99301792,1.0
1765641600,0.99301792,0.99301792,1.0
1765648800,0.99301792,0.99301792,1.0
1765656000,0.99301792,0.99301792,1.0
1765663200,0.99301792,0.99301792,1.0
1765670400,0.99301792,0.99301792,1.0
1765673990,0.99301792,0.99301792,1.0
1765674195,0.98987879,0.98987879,1.0
1765677600,0.98987879,0.98987879,1.0
1765684800,0.98987879,0.98987879,1.0
1765692000,0.98987879,0.98987879,1.0
1765699200,0.98987879,0.98987879,1.0
1765706400,0.98987879,0.98987879,1.0
1765713600,0.98987879,0.98987879,1.0
1765720800,0.98987879,0.98987879,1.0
1765728000,0.98987879,0.98987879,1.0
1765735200,0.98987879,0.98987879,1.0
1765742400,0.98987879,0.98987879,1.0
1765749600,0.98987879,0.98987879,1.0
1765756800,0.98987879,0.98987879,1.0
1765764000,0.98987879,0.98987879,1.0
1765771200,0.98987879,0.98987879,1.0
1765778400,0.98987879,0.98987879,1.0
1765785600,0.98987879,0.98987879,1.0
1765792800,0.98987879,0.98987879,1.0
1765800000,0.98987879,0.98987879,1.0
1765807200,0.98985974,0.98985974,1.0
1765814400,0.98982345,0.98982345,1.0
1765821600,0.98979249,0.98979249,1.0
1765828800,0.98976674,0.98976674,1.0
1765836000,0.98974606,0.98974606,1.0
1765843200,0.98973035,0.98973035,1.0
1765850400,0.98971948,0.98971948,1.0
1765857600,0.98971332,0.98971332,1.0
1765864800,0.98971177,0.98971177,1.0
1765872000,0.98971469,0.98971469,1.0
1765879200,0.98972196,0.98972196,1.0
1765886400,0.98973347,0.98973347,1.0
1765893600,0.98974909,0.98974909,1.0
1765900800,0.9897687,0.9897687,1.0
1765908000,0.98979219,0.98979219,1.0
1765915200,0.98981942,0.98981942,1.0
1765922400,0.98985027,0.98985027,1.0
1765929600,0.98988464,0.98988464,1.0
1765936800,0.98992238,0.98992238,1.0
1765944000,0.98996339,0.98996339,1.0
1765951200,0.99000755,0.99000755,1.0
1765958400,0.99005472,0.99005472,1.0
1765965600,0.99010479,0.99010479,1.0
1765972800,0.99015764,0.99015764,1.0
1765980000,0.99021315,0.99021315,1.0
1765987200,0.99027119,0.99027119,1.0
1765994400,0.99033165,0.99033165,1.0
1766001600,0.9903944,0.9903944,1.0
1766008800,0.99045932,0.99045932,1.0
1766016000,0.99052629,0.99052629,1.0
1766023200,0.99059519,0.99059519,1.0
1766030400,0.99066589,0.99066589,1.0
1766037600,0.99073829,0.99073829,1.0
1766044800,0.99081224,0.99081224,1.0
1766052000,0.99088765,0.99088765,1.0
1766059200,0.99096437,0.99096437,1.0
1766066400,0.99104229,0.99104229,1.0
1766073600,0.99112129,0.99112129,1.0
1766080800,0.99120126,0.99120126,1.0
1766088000,0.99128205,0.99128205,1.0
1766095200,0.99136357,0.99136357,1.0
1766102400,0.99144568,0.99144568,1.0
1766109600,0.99152826,0.99152826,1.0
1766116800,0.99161119,0.99161119,1.0
1766124000,0.99169435,0.99169435,1.0
1766131200,0.99177763,0.99177763,1.0
1766138400,0.99186089,0.99186089,1.0
1766145600,0.99194401,0.99194401,1.0
1766152800,0.99202688,0.99202688,1.0
1766160000,0.99210938,0.99210938,1.0
1766167200,0.99219138,0.99219138,1.0
1766174400,0.99227275,0.99227275,1.0
1766181600,0.99235339,0.99235339,1.0
1766188800,0.99243317,0.99243317,1.0
1766196000,0.99251196,0.99251196,1.0
1766203200,0.99258965,0.99258965,1.0
1766210400,0.99266612,0.99266612,1.0
1766217600,0.99274124,0.99274124,1.0
1766224800,0.99281489,0.99281489,1.0
1766232000,0.99288695,0.99288695,1.0
1766239200,0.9929573,0.9929573,1.0
1766246400,0.99302581,0.99302581,1.0
1766253600,0.99309238,0.99309238,1.0
1766260800,0.99315687,0.99315687,1.0
1766268000,0.99321916,0.99321916,1.0
1766275200,0.99327914,0.99327914,1.0
1766282400,0.99333667,0.99333667,1.0
1766289600,0.99339165,0.99339165,1.0
1766296800,0.99344395,0.99344395,1.0
1766304000,0.99349344,0.99349344,1.0
1766311200,0.99354001,0.99354001,1.0
1766318400,0.99358354,0.99358354,1.0
1766325600,0.9936239,0.9936239,1.0
1766332800,0.99366111,0.99366111,1.0
1766340000,0.9936953,0.9936953,1.0
1766347200,0.99372662,0.99372662,1.0
1766354400,0.9937552,0.9937552,1.0
1766361600,0.9937812,0.9937812,1.0
1766368800,0.99380476,0.99380476,1.0
1766376000,0.99382602,0.99382602,1.0
1766383200,0.99384513,0.99384513,1.0
1766390400,0.99386223,0.99386223,1.0
1766397600,0.99387746,0.99387746,1.0
1766404800,0.99389097,0.99389097,1.0
1766412000,0.99390291,0.99390291,1.0
1766419200,0.99391341,0.99391341,1.0
1766426400,0.99392262,0.99392262,1.0
1766433600,0.99393069,0.99393069,1.0
1766440800,0.99393776,0.99393776,1.0
1766448000,0.99394397,0.99394397,1.0
1766455200,0.99394947,0.99394947,1.0
1766462400,0.99395441,0.99395441,1.0
1766469600,0.99395892,0.99395892,1.0
1766476800,0.99396314,0.99396314,1.0
1766484000,0.99396724,0.99396724,1.0
1766491200,0.99397134,0.99397134,1.0
1766498400,0.99397559,0.99397559,1.0
1766505600,0.99398014,0.99398014,1.0
1766512800,0.99398514,0.99398514,1.0
1766520000,0.99399071,0.99399071,1.0
1766527200,0.99399702,0.99399702,1.0
1766534400,0.9940042,0.9940042,1.0
1766541600,0.9940124,0.9940124,1.0
1766548800,0.99402175,0.99402175,1.0
1766556000,0.99403242,0.99403242,1.0
1766563200,0.99404453,0.99404453,1.0
1766570400,0.99405824,0.99405824,1.0
1766577600,0.99407368,0.99407368,1.0
1766584800,0.994091,0.994091,1.0
1766592000,0.99411014,0.99411014,1.0
1766599200,0.99413085,0.99413085,1.0
1766606400,0.99415284,0.99415284,1.0
1766613600,0.99417586,0.99417586,1.0
1766620800,0.99419964,0.99419964,1.0
1766628000,0.9942239,0.9942239,1.0
1766635200,0.99424838,0.99424838,1.0
1766642400,0.99427281,0.99427281,1.0
1766649600,0.99429691,0.99429691,1.0
1766656800,0.99432043,0.99432043,1.0
1766664000,0.99434309,0.99434309,1.0
1766671200,0.99436462,0.99436462,1.0
1766678400,0.99438476,0.99438476,1.0
1766685600,0.99440323,0.99440323,1.0
1766692800,0.99441977,0.99441977,1.0
1766700000,0.99443411,0.99443411,1.0
1766707200,0.99444597,0.99444597,1.0
1766714400,0.99445509,0.99445509,1.0
1766721600,0.99446121,0.99446121,1.0
1766728800,0.99446404,0.99446404,1.0
1766736000,0.99446333,0.99446333,1.0
1766743200,0.9944588,0.9944588,1.0
1766750400,0.99445019,0.99445019,1.0
1766757600,0.99443722,0.99443722,1.0
1766764800,0.99441963,0.99441963,1.0
1766772000,0.99439715,0.99439715,1.0
1766779200,0.9943695,0.9943695,1.0
1766786400,0.99433643,0.99433643,1.0
1766793600,0.99429766,0.99429766,1.0
1766800800,0.99425292,0.99425292,1.0
1766808000,0.99420195,0.99420195,1.0
1766815200,0.99414447,0.99414447,1.0
1766822400,0.99408021,0.99408021,1.0
1766829600,0.99400892,0.99400892,1.0
1766836800,0.99393031,0.99393031,1.0
1766844000,0.99384413,0.99384413,1.0
1766851200,0.99375042,0.99375042,1.0
1766858400,0.99364953,0.99364953,1.0
1766865600,0.99354184,0.99354184,1.0
1766872800,0.99342772,0.99342772,1.0
1766880000,0.99330753,0.99330753,1.0
1766887200,0.99318166,0.99318166,1.0
1766894400,0.99305047,0.99305047,1.0
1766901600,0.99291433,0.99291433,1.0
1766908800,0.99277361,0.99277361,1.0
1766916000,0.99262869,0.99262869,1.0
1766923200,0.99247994,0.99247994,1.0
1766930400,0.99232773,0.99232773,1.0
1766937600,0.99217242,0.99217242,1.0
1766944800,0.9920144,0.9920144,1.0
1766952000,0.99185403,0.99185403,1.0
1766959200,0.99169168,0.99169168,1.0
1766966400,0.99152773,0.99152773,1.0
1766973600,0.99136255,0.99136255,1.0
1766980800,0.9911965,0.9911965,1.0
1766988000,0.99102997,0.99102997,1.0
1766995200,0.99086331,0.99086331,1.0
1767002400,0.99069691,0.99069691,1.0
1767009600,0.99053114,0.99053114,1.0
1767016800,0.99036635,0.99036635,1.0
1767024000,0.99020294,0.99020294,1.0
1767031200,0.99004126,0.99004126,1.0
1767038400,0.98988169,0.98988169,1.0
1767045600,0.98972461,0.98972461,1.0
1767052800,0.98957038,0.98957038,1.0
1767060000,0.98941937,0.98941937,1.0
1767067200,0.98927195,0.98927195,1.0
1767074400,0.9891285,0.9891285,1.0
1767081600,0.98898939,0.98898939,1.0
1767088800,0.98885499,0.98885499,1.0
1767096000,0.98872568,0.98872568,1.0
1767103200,0.9886018,0.9886018,1.0
1767110400,0.98848355,0.98848355,1.0
1767117600,0.98837091,0.98837091,1.0
1767124800,0.98826384,0.98826384,1.0
1767132000,0.98816231,0.98816231,1.0
1767139200,0.9880663,0.9880663,1.0
1767146400,0.98797577,0.98797577,1.0
1767153600,0.9878907,0.9878907,1.0
1767160800,0.98781106,0.98781106,1.0
1767168000,0.98773681,0.98773681,1.0
1767175200,0.98766792,0.98766792,1.0
1767182400,0.98760437,0.98760437,1.0
1767189600,0.98754613,0.98754613,1.0
1767196800,0.98749317,0.98749317,1.0
1767204000,0.98744545,0.98744545,1.0
1767211200,0.98740295,0.98740295,1.0
1767218400,0.98736563,0.98736563,1.0
1767225600,0.98733348,0.98733348,1.0
1767232800,0.98730645,0.98730645,1.0
1767240000,0.98728451,0.98728451,1.0
1767247200,0.98726765,0.98726765,1.0
1767254400,0.98725582,0.98725582,1.0
1767261600,0.98724901,0.98724901,1.0
1767268800,0.98724717,0.98724717,1.0
1767276000,0.98725028,0.98725028,1.0
1767283200,0.9872583,0.9872583,1.0
1767290400,0.98727122,0.98727122,1.0
1767297600,0.987289,0.987289,1.0
1767304800,0.9873116,0.9873116,1.0
1767312000,0.98733901,0.98733901,1.0
1767319200,0.98737119,0.98737119,1.0
1767326400,0.9874081,0.9874081,1.0
1767333600,0.98744973,0.98744973,1.0
1767340800,0.98749603,0.98749603,1.0
1767348000,0.98754699,0.98754699,1.0
1767355200,0.98760257,0.98760257,1.0
1767362400,0.98766273,0.98766273,1.0
1767369600,0.98772734,0.98772734,1.0
1767376800,0.98779611,0.98779611,1.0
1767384000,0.98786876,0.98786876,1.0
1767391200,0.98794503,0.98794503,1.0
1767398400,0.98802462,0.98802462,1.0
1767405600,0.98810728,0.98810728,1.0
1767412800,0.9881927,0.9881927,1.0
1767420000,0.98828062,0.98828062,1.0
1767427200,0.98837076,0.98837076,1.0
1767434400,0.98846285,0.98846285,1.0
1767441600,0.98855659,0.98855659,1.0
1767448800,0.98865172,0.98865172,1.0
1767456000,0.98874796,0.98874796,1.0
1767463200,0.98884502,0.98884502,1.0
1767470400,0.98894263,0.98894263,1.0
1767477600,0.98904052,0.98904052,1.0
1767484800,0.9891384,0.9891384,1.0
1767492000,0.989236,0.989236,1.0
1767499200,0.98933303,0.98933303,1.0
1767506400,0.98942922,0.98942922,1.0
1767513600,0.98952429,0.98952429,1.0
1767520800,0.98961797,0.98961797,1.0
1767528000,0.98970997,0.98970997,1.0
1767535200,0.98980002,0.98980002,1.0
1767542400,0.98988784,0.98988784,1.0
1767549600,0.98997315,0.98997315,1.0
1767556800,0.99005567,0.99005567,1.0
1767564000,0.99013513,0.99013513,1.0
1767571200,0.99021124,0.99021124,1.0
1767578400,0.99028373,0.99028373,1.0
1767585600,0.99035232,0.99035232,1.0
1767592800,0.99041674,0.99041674,1.0
1767600000,0.99047669,0.99047669,1.0
1767607200,0.99053191,0.99053191,1.0
1767614400,0.99058212,0.99058212,1.0
1767621600,0.99062705,0.99062705,1.0
1767628800,0.99066666,0.99066666,1.0
1767636000,0.99070113,0.99070113,1.0
1767643200,0.99073069,0.99073069,1.0
1767650400,0.99075554,0.99075554,1.0
1767657600,0.9907759,0.9907759,1.0
1767664800,0.99079198,0.99079198,1.0
1767672000,0.99080398,0.99080398,1.0
1767679200,0.99081212,0.99081212,1.0
1767686400,0.9908166,0.9908166,1.0
1767693600,0.99081764,0.99081764,1.0
1767700800,0.99081546,0.99081546,1.0
1767708000,0.99081025,0.99081025,1.0
1767715200,0.99080223,0.99080223,1.0
1767722400,0.99079161,0.99079161,1.0
1767729600,0.99077861,0.99077861,1.0
1767736800,0.99076342,0.99076342,1.0
1767744000,0.99074627,0.99074627,1.0
1767751200,0.99072737,0.99072737,1.0
1767758400,0.99070691,0.99070691,1.0
1767765600,0.99068512,0.99068512,1.0
1767772800,0.99066221,0.99066221,1.0
1767780000,0.99063838,0.99063838,1.0
1767787200,0.99061385,0.99061385,1.0
1767794400,0.99058882,0.99058882,1.0
1767801600,0.99056352,0.99056352,1.0
1767808800,0.99053814,0.99053814,1.0
1767816000,0.9905129,0.9905129,1.0
1767823200,0.99048801,0.99048801,1.0
1767830400,0.99046368,0.99046368,1.0
1767837600,0.99044012,0.99044012,1.0
1767844800,0.99041754,0.99041754,1.0
1767852000,0.99039616,0.99039616,1.0
1767859200,0.99037617,0.99037617,1.0
1767866400,0.9903578,0.9903578,1.0
1767873600,0.99034126,0.99034126,1.0
1767880800,0.99032674,0.99032674,1.0
1767888000,0.99031431,0.99031431,1.0
1767895200,0.99030385,0.99030385,1.0
1767902400,0.99029526,0.99029526,1.0
1767909600,0.99028841,0.99028841,1.0
1767916800,0.99028318,0.99028318,1.0
1767924000,0.99027948,0.99027948,1.0
1767931200,0.99027717,0.99027717,1.0
1767938400,0.99027614,0.99027614,1.0
1767945600,0.99027628,0.99027628,1.0
1767952800,0.99027747,0.99027747,1.0
1767960000,0.9902796,0.9902796,1.0
1767967200,0.99028256,0.99028256,1.0
1767974400,0.99028621,0.99028621,1.0
1767981600,0.99029046,0.99029046,1.0
1767988800,0.99029518,0.99029518,1.0
1767996000,0.99030027,0.99030027,1.0
1768003200,0.99030559,0.99030559,1.0
1768010400,0.99031105,0.99031105,1.0
1768017600,0.99031652,0.99031652,1.0
1768024800,0.99032189,0.99032189,1.0
1768032000,0.99032704,0.99032704,1.0
1768039200,0.99033185,0.99033185,1.0
1768046400,0.99033622,0.99033622,1.0
1768053600,0.99034003,0.99034003,1.0
1768060800,0.99034315,0.99034315,1.0
1768068000,0.99034548,0.99034548,1.0
1768075200,0.9903469,0.9903469,1.0
1768082400,0.9903473,0.9903473,1.0
1768089600,0.99034655,0.99034655,1.0
1768096800,0.99034455,0.99034455,1.0
1768104000,0.99034118,0.99034118,1.0
1768111200,0.99033632,0.99033632,1.0
1768118400,0.99032985,0.99032985,1.0
1768125600,0.99032167,0.99032167,1.0
1768132800,0.99031166,0.99031166,1.0
1768140000,0.9902997,0.9902997,1.0
1768147200,0.9902858,0.9902858,1.0
1768154400,0.99027009,0.99027009,1.0
1768161600,0.99025272,0.99025272,1.0
1768168800,0.99023381,0.99023381,1.0
1768176000,0.9902135,0.9902135,1.0
1768183200,0.99019194,0.99019194,1.0
1768190400,0.99016926,0.99016926,1.0
1768197600,0.9901456,0.9901456,1.0
1768204800,0.99012109,0.99012109,1.0
1768212000,0.99009587,0.99009587,1.0
1768219200,0.99007008,0.99007008,1.0
1768226400,0.99004386,0.99004386,1.0
1768233600,0.99001734,0.99001734,1.0
1768240800,0.98999067,0.98999067,1.0
1768248000,0.98996397,0.98996397,1.0
1768255200,0.98993739,0.98993739,1.0
1768262400,0.98991107,0.98991107,1.0
1768269600,0.98988513,0.98988513,1.0
1768276800,0.98985973,0.98985973,1.0
1768284000,0.98983499,0.98983499,1.0
1768291200,0.98981106,0.98981106,1.0
1768298400,0.98978806,0.98978806,1.0
1768305600,0.98976615,0.98976615,1.0
1768312800,0.98974545,0.98974545,1.0
1768320000,0.9897261,0.9897261,1.0
1768327200,0.98970825,0.98970825,1.0
1768334400,0.98969202,0.98969202,1.0
1768341600,0.98967756,0.98967756,1.0
1768348800,0.989665,0.989665,1.0
1768356000,0.98965449,0.98965449,1.0
1768363200,0.98964615,0.98964615,1.0
1768370400,0.98964012,0.98964012,1.0
1768377600,0.98963655,0.98963655,1.0
1768384800,0.98963557,0.98963557,1.0
1768392000,0.98963732,0.98963732,1.0
1768399200,0.98964193,0.98964193,1.0
1768406400,0.9896494,0.9896494,1.0
1768413600,0.98965962,0.98965962,1.0
1768420800,0.98967244,0.98967244,1.0
1768428000,0.98968772,0.98968772,1.0
1768435200,0.98970535,0.98970535,1.0
1768442400,0.98972517,0.98972517,1.0
1768449600,0.98974705,0.98974705,1.0
1768456800,0.98977087,0.98977087,1.0
1768464000,0.98979648,0.98979648,1.0
1768471200,0.98982375,0.98982375,1.0
1768478400,0.98985255,0.98985255,1.0
1768485600,0.98988274,0.98988274,1.0
1768492800,0.98991418,0.98991418,1.0
1768500000,0.98994675,0.98994675,1.0
1768507200,0.9899803,0.9899803,1.0
1768514400,0.9900147,0.9900147,1.0
1768521600,0.99004982,0.99004982,1.0
1768528800,0.99008552,0.99008552,1.0
1768536000,0.99012167,0.99012167,1.0
1768543200,0.99015813,0.99015813,1.0
1768550400,0.99019477,0.99019477,1.0
1768557600,0.99023145,0.99023145,1.0
1768564800,0.99026803,0.99026803,1.0
1768572000,0.99030439,0.99030439,1.0
1768579200,0.99034039,0.99034039,1.0
1768586400,0.99037589,0.99037589,1.0
1768593600,0.99041076,0.99041076,1.0
1768600800,0.99044486,0.99044486,1.0
1768608000,0.99047806,0.99047806,1.0
1768615200,0.99051022,0.99051022,1.0
1768622400,0.99054121,0.99054121,1.0
1768629600,0.9905709,0.9905709,1.0
1768636800,0.99059915,0.99059915,1.0
1768644000,0.99062582,0.99062582,1.0
1768651200,0.99065077,0.99065077,1.0
1768658400,0.99067389,0.99067389,1.0
1768665600,0.99069513,0.99069513,1.0
1768672800,0.99071454,0.99071454,1.0
1768680000,0.9907322,0.9907322,1.0
1768687200,0.99074816,0.99074816,1.0
1768694400,0.9907625,0.9907625,1.0
1768701600,0.99077527,0.99077527,1.0
1768708800,0.99078654,0.99078654,1.0
1768716000,0.99079637,0.99079637,1.0
1768723200,0.99080483,0.99080483,1.0
1768730400,0.99081199,0.99081199,1.0
1768737600,0.9908179,0.9908179,1.0
1768744800,0.99082263,0.99082263,1.0
1768752000,0.99082625,0.99082625,1.0
1768759200,0.99082881,0.99082881,1.0
1768766400,0.99083039,0.99083039,1.0
1768773600,0.99083105,0.99083105,1.0
1768780800,0.99083085,0.99083085,1.0
1768788000,0.99082986,0.99082986,1.0
1768795200,0.99082814,0.99082814,1.0
1768802400,0.99082575,0.99082575,1.0
1768809600,0.99082276,0.99082276,1.0
1768816800,0.99081924,0.99081924,1.0
1768824000,0.99081524,0.99081524,1.0
1768831200,0.99081083,0.99081083,1.0
1768838400,0.99080609,0.99080609,1.0
1768845600,0.99080106,0.99080106,1.0
1768852800,0.99079582,0.99079582,1.0
1768860000,0.99079042,0.99079042,1.0
1768867200,0.99078494,0.99078494,1.0
1768874400,0.99077944,0.99077944,1.0
1768881600,0.99077398,0.99077398,1.0
1768888800,0.99076862,0.99076862,1.0
1768896000,0.99076344,0.99076344,1.0
1768903200,0.99075849,0.99075849,1.0
1768910400,0.99075384,0.99075384,1.0
1768917600,0.99074955,0.99074955,1.0
1768924800,0.99074566,0.99074566,1.0
1768932000,0.99074216,0.99074216,1.0
1768939200,0.99073905,0.99073905,1.0
1768946400,0.99073632,0.99073632,1.0
1768953600,0.99073398,0.99073398,1.0
1768960800,0.99073202,0.99073202,1.0
1768968000,0.99073044,0.99073044,1.0
1768975200,0.99072923,0.99072923,1.0
1768982400,0.99072839,0.99072839,1.0
1768989600,0.99072792,0.99072792,1.0
1768996800,0.99072782,0.99072782,1.0
1769004000,0.99072808,0.99072808,1.0
1769011200,0.9907287,0.9907287,1.0
1769018400,0.99072967,0.99072967,1.0
1769025600,0.990731,0.990731,1.0
1769032800,0.99073268,0.99073268,1.0
1769040000,0.99073471,0.99073471,1.0
1769047200,0.99073708,0.99073708,1.0
1769054400,0.99073979,0.99073979,1.0
1769061600,0.99074284,0.99074284,1.0
1769068800,0.99074623,0.99074623,1.0
1769076000,0.99074995,0.99074995,1.0
1769083200,0.990754,0.990754,1.0
1769090400,0.99075837,0.99075837,1.0
1769097600,0.99076307,0.99076307,1.0
1769104800,0.99076808,0.99076808,1.0
1769112000,0.99077342,0.99077342,1.0
1769119200,0.99077907,0.99077907,1.0
1769126400,0.99078503,0.99078503,1.0
1769133600,0.99079129,0.99079129,1.0
1769140800,0.99079787,0.99079787,1.0
1769148000,0.99080474,0.99080474,1.0
1769155200,0.99081192,0.99081192,1.0
1769162400,0.99081939,0.99081939,1.0
1769169600,0.99082715,0.99082715,1.0
1769176800,0.9908352,0.9908352,1.0
1769184000,0.99084354,0.99084354,1.0
1769191200,0.99085216,0.99085216,1.0
1769198400,0.99086107,0.99086107,1.0
1769205600,0.99087025,0.99087025,1.0
1769212800,0.99087971,0.99087971,1.0
1769220000,0.99088944,0.99088944,1.0
1769227200,0.99089944,0.99089944,1.0
1769234400,0.9909097,0.9909097,1.0
1769241600,0.99092023,0.99092023,1.0
1769248800,0.99093101,0.99093101,1.0
1769256000,0.99094205,0.99094205,1.0
1769263200,0.99095335,0.99095335,1.0
1769270400,0.9909649,0.9909649,1.0
1769277600,0.99097669,0.99097669,1.0
1769284800,0.99098873,0.99098873,1.0
1769292000,0.99100101,0.99100101,1.0
1769299200,0.99101353,0.99101353,1.0
1769306400,0.99102629,0.99102629,1.0
1769313600,0.99103928,0.99103928,1.0
1769320800,0.99105249,0.99105249,1.0
1769328000,0.99106594,0.99106594,1.0
1769335200,0.99107961,0.99107961,1.0
1769342400,0.99109349,0.99109349,1.0
1769349600,0.9911076,0.9911076,1.0
1769356800,0.99112192,0.99112192,1.0
1769364000,0.99113645,0.99113645,1.0
1769371200,0.99115119,0.99115119,1.0
1769378400,0.99116613,0.99116613,1.0
1769385600,0.99118128,0.99118128,1.0
1769392800,0.99119663,0.99119663,1.0
1769400000,0.99121217,0.99121217,1.0
1769407200,0.9912279,0.9912279,1.0
1769414400,0.99124383,0.99124383,1.0
1769421600,0.99125994,0.99125994,1.0
1769428800,0.99127624,0.99127624,1.0
1769436000,0.99129272,0.99129272,1.0
1769443200,0.99130938,0.99130938,1.0
1769450400,0.99132621,0.99132621,1.0
1769457600,0.99134321,0.99134321,1.0
1769464800,0.99136039,0.99136039,1.0
1769472000,0.99137772,0.99137772,1.0
1769479200,0.99139523,0.99139523,1.0
1769486400,0.99141289,0.99141289,1.0
1769493600,0.99143071,0.99143071,1.0
1769500800,0.99144868,0.99144868,1.0
1769508000,0.99146681,0.99146681,1.0
1769515200,0.99148508,0.99148508,1.0
1769522400,0.99150349,0.99150349,1.0
1769529600,0.99152205,0.99152205,1.0
1769536800,0.99154075,0.99154075,1.0
1769544000,0.99155958,0.99155958,1.0
1769551200,0.99157855,0.99157855,1.0
1769558400,0.99159765,0.99159765,1.0
1769565600,0.99161687,0.99161687,1.0
1769572800,0.99163622,0.99163622,1.0
1769580000,0.99165568,0.99165568,1.0
1769587200,0.99167527,0.99167527,1.0
1769594400,0.99169497,0.99169497,1.0
1769601600,0.99171478,0.99171478,1.0
1769608800,0.9917347,0.9917347,1.0
1769616000,0.99175472,0.99175472,1.0
1769623200,0.99177485,0.99177485,1.0
1769630400,0.99179508,0.99179508,1.0
1769637600,0.9918154,0.9918154,1.0
1769644800,0.99183582,0.99183582,1.0
1769652000,0.99185633,0.99185633,1.0
1769659200,0.99187693,0.99187693,1.0
1769666400,0.99189761,0.99189761,1.0
1769673600,0.99191837,0.99191837,1.0
1769680800,0.99193921,0.99193921,1.0
1769688000,0.99196012,0.99196012,1.0
1769695200,0.99198111,0.99198111,1.0
1769702400,0.99200217,0.99200217,1.0
1769709600,0.99202329,0.99202329,1.0
1769716800,0.99204448,0.99204448,1.0
1769724000,0.99206573,0.99206573,1.0
1769731200,0.99208703,0.99208703,1.0
1769738400,0.99210839,0.99210839,1.0
1769745600,0.9921298,0.9921298,1.0
1769752800,0.99215126,0.99215126,1.0
1769760000,0.99217276,0.99217276,1.0
1769767200,0.99219431,0.99219431,1.0
1769774400,0.99221589,0.99221589,1.0
1769781600,0.99223751,0.99223751,1.0
1769788800,0.99225916,0.99225916,1.0
1769796000,0.99228085,0.99228085,1.0
1769803200,0.99230256,0.99230256,1.0
1769810400,0.99232429,0.99232429,1.0
1769817600,0.99234605,0.99234605,1.0
1769824800,0.99236782,0.99236782,1.0
1769832000,0.99238961,0.99238961,1.0
1769839200,0.99241141,0.99241141,1.0
1769846400,0.99243322,0.99243322,1.0
1769853600,0.99245504,0.99245504,1.0
1769860800,0.99247686,0.99247686,1.0
1769868000,0.99249867,0.99249867,1.0
1769875200,0.99252049,0.99252049,1.0
1769882400,0.9925423,0.9925423,1.0
1769889600,0.9925641,0.9925641,1.0
1769896800,0.99258588,0.99258588,1.0
1769904000,0.99260766,0.99260766,1.0
1769911200,0.99262941,0.99262941,1.0
1769918400,0.99265114,0.99265114,1.0
1769925600,0.99267285,0.99267285,1.0
1769932800,0.99269453,0.99269453,1.0
1769940000,0.99271618,0.99271618,1.0
1769947200,0.9927378,0.9927378,1.0
1769954400,0.99275938,0.99275938,1.0
1769961600,0.99277047,0.99277047,1.0
1769968800,0.99277047,0.99277047,1.0
1769976000,0.99277047,0.99277047,1.0
1769983200,0.99277047,0.99277047,1.0
1769990400,0.99277047,0.99277047,1.0
1769997600,0.99277047,0.99277047,1.0
1770004800,0.99277047,0.99277047,1.0
1770012000,0.99277047,0.99277047,1.0
1770019200,0.99277047,0.99277047,1.0
1770026400,0.99277047,0.99277047,1.0
1770033600,0.99277047,0.99277047,1.0
1770040800,0.99277047,0.99277047,1.0
1770048000,0.99277047,0.99277047,1.0
1770055200,0.99277047,0.99277047,1.0
1770062400,0.99277047,0.99277047,1.0
1770069600,0.99277047,0.99277047,1.0
1770076800,0.99277047,0.99277047,1.0
1770084000,0.99277047,0.99277047,1.0
1770091200,0.99277047,0.99277047,1.0
1770094812,0.99277047,0.99277047,1.0
1770094892,0.98565136,0.98565136,1.0
1770098400,0.98565136,0.98565136,1.0
1770105600,0.98565136,0.98565136,1.0
1770112800,0.98565136,0.98565136,1.0
1770120000,0.98565136,0.98565136,1.0
1770127200,0.98565136,0.98565136,1.0
1770134400,0.98565136,0.98565136,1.0
1770141600,0.98565136,0.98565136,1.0
1770148800,0.98565136,0.98565136,1.0
1770156000,0.98565136,0.98565136,1.0
1770163200,0.98565136,0.98565136,1.0
1770170400,0.98565136,0.98565136,1.0
1770177600,0.98565136,0.98565136,1.0
1770184800,0.98565136,0.98565136,1.0
1770192000,0.98565136,0.98565136,1.0
1770199200,0.98565136,0.98565136,1.0
1770206400,0.98565136,0.98565136,1.0
1770213600,0.98565136,0.98565136,1.0
1770220800,0.98565136,0.98565136,1.0
1770228000,0.98566423,0.98566423,1.0
1770235200,0.98569098,0.98569098,1.0
1770242400,0.98571817,0.98571817,1.0
1770249600,0.9857458,0.9857458,1.0
1770256800,0.98577386,0.98577386,1.0
1770264000,0.98580235,0.98580235,1.0
1770271200,0.98583124,0.98583124,1.0
1770278400,0.98586054,0.98586054,1.0
1770285600,0.98589023,0.98589023,1.0
1770292800,0.98592031,0.98592031,1.0
1770300000,0.98595076,0.98595076,1.0
1770307200,0.98598158,0.98598158,1.0
1770314400,0.98601277,0.98601277,1.0
1770321600,0.9860443,0.9860443,1.0
1770328800,0.98607618,0.98607618,1.0
1770336000,0.98610839,0.98610839,1.0
1770343200,0.98614093,0.98614093,1.0
1770350400,0.98617378,0.98617378,1.0
1770357600,0.98620694,0.98620694,1.0
1770364800,0.9862404,0.9862404,1.0
1770372000,0.98627415,0.98627415,1.0
1770379200,0.98630818,0.98630818,1.0
1770386400,0.98634248,0.98634248,1.0
1770393600,0.98637705,0.98637705,1.0
1770400800,0.98641187,0.98641187,1.0
1770408000,0.98644694,0.98644694,1.0
1770415200,0.98648225,0.98648225,1.0
1770422400,0.98651779,0.98651779,1.0
1770429600,0.98655354,0.98655354,1.0
1770436800,0.98658951,0.98658951,1.0
1770444000,0.98662569,0.98662569,1.0
1770451200,0.98666205,0.98666205,1.0
1770458400,0.98669861,0.98669861,1.0
1770465600,0.98673534,0.98673534,1.0
1770472800,0.98677224,0.98677224,1.0
1770480000,0.98680929,0.98680929,1.0
1770487200,0.9868465,0.9868465,1.0
1770494400,0.98688385,0.98688385,1.0
1770501600,0.98692134,0.98692134,1.0
1770508800,0.98695895,0.98695895,1.0
1770516000,0.98699668,0.98699668,1.0
1770523200,0.98703451,0.98703451,1.0
1770530400,0.98707244,0.98707244,1.0
1770537600,0.98711046,0.98711046,1.0
1770544800,0.98714857,0.98714857,1.0
1770552000,0.98718674,0.98718674,1.0
1770559200,0.98722498,0.98722498,1.0
1770566400,0.98726328,0.98726328,1.0
1770573600,0.98730162,0.98730162,1.0
1770580800,0.98734,0.98734,1.0
1770588000,0.98737841,0.98737841,1.0
1770595200,0.98741684,0.98741684,1.0
1770602400,0.98745528,0.98745528,1.0
1770609600,0.98749372,0.98749372,1.0
1770616800,0.98753216,0.98753216,1.0
1770624000,0.98757059,0.98757059,1.0
1770631200,0.98760899,0.98760899,1.0
1770638400,0.98764735,0.98764735,1.0
1770645600,0.98768568,0.98768568,1.0
1770652800,0.98772396,0.98772396,1.0
1770660000,0.98776218,0.98776218,1.0
1770667200,0.98780034,0.98780034,1.0
1770674400,0.98783842,0.98783842,1.0
1770681600,0.98787641,0.98787641,1.0
1770688800,0.98791432,0.98791432,1.0
1770696000,0.98795212,0.98795212,1.0
1770703200,0.98798981,0.98798981,1.0
1770710400,0.98802738,0.98802738,1.0
1770717600,0.98806482,0.98806482,1.0
1770724800,0.98810213,0.98810213,1.0
1770732000,0.9881393,0.9881393,1.0
1770739200,0.98817631,0.98817631,1.0
1770746400,0.98821315,0.98821315,1.0
1770753600,0.98824983,0.98824983,1.0
1770760800,0.98828633,0.98828633,1.0
1770768000,0.98832263,0.98832263,1.0
1770775200,0.98835874,0.98835874,1.0
1770782400,0.98839465,0.98839465,1.0
1770789600,0.98843034,0.98843034,1.0
1770796800,0.98846581,0.98846581,1.0
1770804000,0.98850104,0.98850104,1.0
1770811200,0.98853603,0.98853603,1.0
1770818400,0.98857078,0.98857078,1.0
1770825600,0.98860527,0.98860527,1.0
1770832800,0.98863949,0.98863949,1.0
1770840000,0.98867343,0.98867343,1.0
1770847200,0.98870709,0.98870709,1.0
1770854400,0.98874046,0.98874046,1.0
1770861600,0.98877352,0.98877352,1.0
1770868800,0.98880628,0.98880628,1.0
1770876000,0.98883872,0.98883872,1.0
1770883200,0.98887082,0.98887082,1.0
1770890400,0.9889026,0.9889026,1.0
1770897600,0.98893402,0.98893402,1.0
1770904800,0.9889651,0.9889651,1.0
1770912000,0.98899581,0.98899581,1.0
1770919200,0.98902615,0.98902615,1.0
1770926400,0.9890561,0.9890561,1.0
1770933600,0.98908567,0.98908567,1.0
1770940800,0.98911485,0.98911485,1.0
1770948000,0.98914362,0.98914362,1.0
1770955200,0.98917197,0.98917197,1.0
1770962400,0.9891999,0.9891999,1.0
1770969600,0.98922739,0.98922739,1.0
1770976800,0.98925445,0.98925445,1.0
1770984000,0.98928105,0.98928105,1.0
1770991200,0.9893072,0.9893072,1.0
1770998400,0.98933288,0.98933288,1.0
1771005600,0.98935809,0.98935809,1.0
1771012800,0.98938281,0.98938281,1.0
1771020000,0.98940704,0.98940704,1.0
1771027200,0.98943076,0.98943076,1.0
1771034400,0.98945398,0.98945398,1.0
1771041600,0.98947667,0.98947667,1.0
1771048800,0.98949884,0.98949884,1.0
1771056000,0.98952047,0.98952047,1.0
1771063200,0.98954156,0.98954156,1.0
1771070400,0.98956209,0.98956209,1.0
1771077600,0.98958206,0.98958206,1.0
1771084800,0.98960146,0.98960146,1.0
1771092000,0.98962028,0.98962028,1.0
1771099200,0.9896385,0.9896385,1.0
1771106400,0.98965614,0.98965614,1.0
1771113600,0.98967316,0.98967316,1.0
1771120800,0.98968957,0.98968957,1.0
1771128000,0.98970536,0.98970536,1.0
1771135200,0.98972051,0.98972051,1.0
1771142400,0.98973502,0.98973502,1.0
1771149600,0.98974889,0.98974889,1.0
1771156800,0.98976209,0.98976209,1.0
1771164000,0.98977463,0.98977463,1.0
1771171200,0.98978649,0.98978649,1.0
1771178400,0.98979767,0.98979767,1.0
1771185600,0.98980815,0.98980815,1.0
1771192800,0.98981793,0.98981793,1.0
1771200000,0.989827,0.989827,1.0
1771207200,0.98983535,0.98983535,1.0
1771214400,0.98984298,0.98984298,1.0
1771221600,0.98984986,0.98984986,1.0
1771228800,0.989856,0.989856,1.0
1771236000,0.98986139,0.98986139,1.0
1771243200,0.98986601,0.98986601,1.0
1771250400,0.98986987,0.98986987,1.0
1771257600,0.98987294,0.98987294,1.0
1771264800,0.98987522,0.98987522,1.0
1771272000,0.98987676,0.98987676,1.0
1771279200,0.98987762,0.98987762,1.0
1771286400,0.98987789,0.98987789,1.0
1771293600,0.98987766,0.98987766,1.0
1771300800,0.98987701,0.98987701,1.0
1771308000,0.98987601,0.98987601,1.0
1771315200,0.98987476,0.98987476,1.0
1771322400,0.98987333,0.98987333,1.0
1771329600,0.98987181,0.98987181,1.0
1771336800,0.98987027,0.98987027,1.0
1771344000,0.98986881,0.98986881,1.0
1771351200,0.98986751,0.98986751,1.0
1771358400,0.98986644,0.98986644,1.0
1771365600,0.98986569,0.98986569,1.0
1771372800,0.98986534,0.98986534,1.0
1771380000,0.98986548,0.98986548,1.0
1771387200,0.98986618,0.98986618,1.0
1771394400,0.98986754,0.98986754,1.0
1771401600,0.98986963,0.98986963,1.0
1771408800,0.98987253,0.98987253,1.0
1771416000,0.98987633,0.98987633,1.0
1771423200,0.98988111,0.98988111,1.0
1771430400,0.98988695,0.98988695,1.0
1771437600,0.98989393,0.98989393,1.0
1771444800,0.98990215,0.98990215,1.0
1771452000,0.98991167,0.98991167,1.0
1771459200,0.98992259,0.98992259,1.0
1771466400,0.98993498,0.98993498,1.0
1771473600,0.98994893,0.98994893,1.0
1771480800,0.98996452,0.98996452,1.0
1771488000,0.98998183,0.98998183,1.0
1771495200,0.99000095,0.99000095,1.0
1771502400,0.99002196,0.99002196,1.0
1771509600,0.99004493,0.99004493,1.0
1771516800,0.99006996,0.99006996,1.0
1771524000,0.99009712,0.99009712,1.0
1771531200,0.99012632,0.99012632,1.0
1771538400,0.99015732,0.99015732,1.0
1771545600,0.99018987,0.99018987,1.0
1771552800,0.99022371,0.99022371,1.0
1771560000,0.99025859,0.99025859,1.0
1771567200,0.99029425,0.99029425,1.0
1771574400,0.99033044,0.99033044,1.0
1771581600,0.99036691,0.99036691,1.0
1771588800,0.99040339,0.99040339,1.0
1771596000,0.99043964,0.99043964,1.0
1771603200,0.9904754,0.9904754,1.0
1771610400,0.99051043,0.99051043,1.0
1771617600,0.99054445,0.99054445,1.0
1771624800,0.99057723,0.99057723,1.0
1771632000,0.9906085,0.9906085,1.0
1771639200,0.99063801,0.99063801,1.0
1771646400,0.99066551,0.99066551,1.0
1771653600,0.99069074,0.99069074,1.0
1771660800,0.99071345,0.99071345,1.0
1771668000,0.99073338,0.99073338,1.0
1771675200,0.99075029,0.99075029,1.0
1771682400,0.99076391,0.99076391,1.0
1771689600,0.99077399,0.99077399,1.0
1771696800,0.99078029,0.99078029,1.0
1771704000,0.99078253,0.99078253,1.0
1771711200,0.99078048,0.99078048,1.0
1771718400,0.99077387,0.99077387,1.0
1771725600,0.99076245,0.99076245,1.0
1771732800,0.99074597,0.99074597,1.0
1771740000,0.99072417,0.99072417,1.0
1771747200,0.9906968,0.9906968,1.0
1771754400,0.99066361,0.99066361,1.0
1771761600,0.99062433,0.99062433,1.0
1771768800,0.99057873,0.99057873,1.0
1771776000,0.99052653,0.99052653,1.0
1771783200,0.9904675,0.9904675,1.0
1771790400,0.9904017,0.9904017,1.0
1771797600,0.99032946,0.99032946,1.0
1771804800,0.99025115,0.99025115,1.0
1771812000,0.99016713,0.99016713,1.0
1771819200,0.99007776,0.99007776,1.0
1771826400,0.98998342,0.98998342,1.0
1771833600,0.98988446,0.98988446,1.0
1771840800,0.98978123,0.98978123,1.0
1771848000,0.98967412,0.98967412,1.0
1771855200,0.98956348,0.98956348,1.0
1771862400,0.98944966,0.98944966,1.0
1771869600,0.98933304,0.98933304,1.0
1771876800,0.98921398,0.98921398,1.0
1771884000,0.98909284,0.98909284,1.0
1771891200,0.98896998,0.98896998,1.0
1771898400,0.98884576,0.98884576,1.0
1771905600,0.98872056,0.98872056,1.0
1771912800,0.98859472,0.98859472,1.0
1771920000,0.98846862,0.98846862,1.0
1771927200,0.98834262,0.98834262,1.0
1771934400,0.98821707,0.98821707,1.0
1771941600,0.98809235,0.98809235,1.0
1771948800,0.98796881,0.98796881,1.0
1771956000,0.98784682,0.98784682,1.0
1771963200,0.98772674,0.98772674,1.0
1771970400,0.98760893,0.98760893,1.0
1771977600,0.98749375,0.98749375,1.0
1771984800,0.98738158,0.98738158,1.0
1771992000,0.98727276,0.98727276,1.0
1771999200,0.98716767,0.98716767,1.0
1772006400,0.98706667,0.98706667,1.0
1772013600,0.98697011,0.98697011,1.0
1772020800,0.98687837,0.98687837,1.0
1772028000,0.9867918,0.9867918,1.0
1772035200,0.98671077,0.98671077,1.0
1772042400,0.98663563,0.98663563,1.0
1772049600,0.98656646,0.98656646,1.0
1772056800,0.98650308,0.98650308,1.0
1772064000,0.98644529,0.98644529,1.0
1772071200,0.98639287,0.98639287,1.0
1772078400,0.98634564,0.98634564,1.0
1772085600,0.98630338,0.98630338,1.0
1772092800,0.98626589,0.98626589,1.0
1772100000,0.98623298,0.98623298,1.0
1772107200,0.98620444,0.98620444,1.0
1772114400,0.98618007,0.98618007,1.0
1772121600,0.98615967,0.98615967,1.0
1772128800,0.98614303,0.98614303,1.0
1772136000,0.98612995,0.98612995,1.0
1772143200,0.98612023,0.98612023,1.0
1772150400,0.98611367,0.98611367,1.0
1772157600,0.98611007,0.98611007,1.0
1772164800,0.98610922,0.98610922,1.0
1772172000,0.98611093,0.98611093,1.0
1772179200,0.98611498,0.98611498,1.0
1772186400,0.98612118,0.98612118,1.0
1772193600,0.98612933,0.98612933,1.0
1772200800,0.98613922,0.98613922,1.0
1772208000,0.98615065,0.98615065,1.0
1772215200,0.98616342,0.98616342,1.0
1772222400,0.98617733,0.98617733,1.0
1772229600,0.98619218,0.98619218,1.0
1772236800,0.98620775,0.98620775,1.0
1772244000,0.98622386,0.98622386,1.0
1772251200,0.9862403,0.9862403,1.0
1772258400,0.98625686,0.98625686,1.0
1772265600,0.98627335,0.98627335,1.0
1772272800,0.98628956,0.98628956,1.0
1772280000,0.98630529,0.98630529,1.0
1772287200,0.98632034,0.98632034,1.0
1772294400,0.98633451,0.98633451,1.0
1772301600,0.9863476,0.9863476,1.0
1772308800,0.98635955,0.98635955,1.0
1772316000,0.98637044,0.98637044,1.0
1772323200,0.98638038,0.98638038,1.0
1772330400,0.98638945,0.98638945,1.0
1772337600,0.98639775,0.98639775,1.0
1772344800,0.98640537,0.98640537,1.0
1772352000,0.9864124,0.9864124,1.0
1772359200,0.98641894,0.98641894,1.0
1772366400,0.98642507,0.98642507,1.0
1772373600,0.98643089,0.98643089,1.0
1772380800,0.9864365,0.9864365,1.0
1772388000,0.98644198,0.98644198,1.0
1772395200,0.98644743,0.98644743,1.0
1772402400,0.98645295,0.98645295,1.0
1772409600,0.98645861,0.98645861,1.0
1772416800,0.98646453,0.98646453,1.0
1772424000,0.98647078,0.98647078,1.0
1772431200,0.98647746,0.98647746,1.0
1772438400,0.98648467,0.98648467,1.0
1772445600,0.9864925,0.9864925,1.0
1772452800,0.98650104,0.98650104,1.0
1772460000,0.98651038,0.98651038,1.0
1772467200,0.98652062,0.98652062,1.0
1772474400,0.98653185,0.98653185,1.0
1772481600,0.98654416,0.98654416,1.0
1772488800,0.98655764,0.98655764,1.0
1772496000,0.98657239,0.98657239,1.0
1772503200,0.9865885,0.9865885,1.0
1772510400,0.98660606,0.98660606,1.0
1772517600,0.98662517,0.98662517,1.0
1772524800,0.98664591,0.98664591,1.0
1772532000,0.98666839,0.98666839,1.0
1772539200,0.98669269,0.98669269,1.0
1772546400,0.9867189,0.9867189,1.0
1772553600,0.98674712,0.98674712,1.0
1772560800,0.98677745,0.98677745,1.0
1772568000,0.98680989,0.98680989,1.0
1772575200,0.98684439,0.98684439,1.0
1772582400,0.98688089,0.98688089,1.0
1772589600,0.98691934,0.98691934,1.0
1772596800,0.98695968,0.98695968,1.0
1772604000,0.98700184,0.98700184,1.0
1772611200,0.98704577,0.98704577,1.0
1772618400,0.98709141,0.98709141,1.0
1772625600,0.9871387,0.9871387,1.0
1772632800,0.98718758,0.98718758,1.0
1772640000,0.987238,0.987238,1.0
1772647200,0.98728989,0.98728989,1.0
1772654400,0.98734319,0.98734319,1.0
1772661600,0.98739786,0.98739786,1.0
1772668800,0.98745382,0.98745382,1.0
1772676000,0.98751102,0.98751102,1.0
1772683200,0.9875694,0.9875694,1.0
1772690400,0.9876289,0.9876289,1.0
1772697600,0.98768947,0.98768947,1.0
1772704800,0.98775104,0.98775104,1.0
1772712000,0.98781356,0.98781356,1.0
1772719200,0.98787696,0.98787696,1.0
1772726400,0.98794119,0.98794119,1.0
1772733600,0.9880062,0.9880062,1.0
1772740800,0.98807191,0.98807191,1.0
1772748000,0.98813827,0.98813827,1.0
1772755200,0.98820523,0.98820523,1.0
1772762400,0.98827272,0.98827272,1.0
1772769600,0.98834069,0.98834069,1.0
1772776800,0.98840908,0.98840908,1.0
1772784000,0.98847782,0.98847782,1.0
1772791200,0.98854687,0.98854687,1.0
1772798400,0.98861615,0.98861615,1.0
1772805600,0.98868562,0.98868562,1.0
1772812800,0.98875521,0.98875521,1.0
1772820000,0.98882487,0.98882487,1.0
1772827200,0.98889453,0.98889453,1.0
1772834400,0.98896414,0.98896414,1.0
1772841600,0.98903364,0.98903364,1.0
1772848800,0.98910297,0.98910297,1.0
1772856000,0.98917206,0.98917206,1.0
1772863200,0.98924088,0.98924088,1.0
1772870400,0.98930934,0.98930934,1.0
1772877600,0.9893774,0.9893774,1.0
1772884800,0.989445,0.989445,1.0
1772892000,0.98951207,0.98951207,1.0
1772899200,0.98957856,0.98957856,1.0
1772906400,0.98964441,0.98964441,1.0
1772913600,0.98970956,0.98970956,1.0
1772920800,0.98977396,0.98977396,1.0
1772928000,0.98983754,0.98983754,1.0
1772935200,0.98990024,0.98990024,1.0
1772942400,0.98996201,0.98996201,1.0
1772949600,0.99002279,0.99002279,1.0
1772956800,0.99008252,0.99008252,1.0
1772964000,0.99014113,0.99014113,1.0
1772971200,0.99019858,0.99019858,1.0
1772978400,0.9902548,0.9902548,1.0
1772985600,0.99030973,0.99030973,1.0
1772992800,0.99036332,0.99036332,1.0
1773000000,0.99041551,0.99041551,1.0
1773007200,0.99046623,0.99046623,1.0
1773014400,0.99051543,0.99051543,1.0
1773021600,0.99056305,0.99056305,1.0
1773028800,0.99060904,0.99060904,1.0
1773036000,0.99065332,0.99065332,1.0
1773043200,0.99069585,0.99069585,1.0
1773050400,0.99073657,0.99073657,1.0
1773057600,0.99077541,0.99077541,1.0
1773064800,0.99081232,0.99081232,1.0
1773072000,0.99084723,0.99084723,1.0
1773079200,0.99088011,0.99088011,1.0
1773086400,0.99091096,0.99091096,1.0
1773093600,0.99093991,0.99093991,1.0
1773100800,0.99096708,0.99096708,1.0
1773108000,0.99099259,0.99099259,1.0
1773115200,0.99101655,0.99101655,1.0
1773122400,0.99103908,0.99103908,1.0
1773129600,0.99106032,0.99106032,1.0
1773136800,0.99108036,0.99108036,1.0
1773144000,0.99109934,0.99109934,1.0
1773151200,0.99111738,0.99111738,1.0
1773158400,0.99113459,0.99113459,1.0
1773165600,0.99115109,0.99115109,1.0
1773172800,0.991167,0.991167,1.0
1773180000,0.99118244,0.99118244,1.0
1773187200,0.99119753,0.99119753,1.0
1773194400,0.9912124,0.9912124,1.0
1773201600,0.99122715,0.99122715,1.0
1773208800,0.99124192,0.99124192,1.0
1773216000,0.99125681,0.99125681,1.0
1773223200,0.99127195,0.99127195,1.0
1773230400,0.99128746,0.99128746,1.0
1773237600,0.99130345,0.99130345,1.0
1773244800,0.99132005,0.99132005,1.0
1773252000,0.99133738,0.99133738,1.0
1773259200,0.99135555,0.99135555,1.0
1773266400,0.99137469,0.99137469,1.0
1773273600,0.99139492,0.99139492,1.0
1773280800,0.99141634,0.99141634,1.0
1773288000,0.99143909,0.99143909,1.0
1773295200,0.99146329,0.99146329,1.0
1773302400,0.99148904,0.99148904,1.0
1773309600,0.99151648,0.99151648,1.0
1773316800,0.99154572,0.99154572,1.0
1773324000,0.99157688,0.99157688,1.0
1773331200,0.99161008,0.99161008,1.0
1773338400,0.99164543,0.99164543,1.0
1773345600,0.9916829,0.9916829,1.0
1773352800,0.99172228,0.99172228,1.0
1773360000,0.99176336,0.99176336,1.0
1773367200,0.99180594,0.99180594,1.0
1773374400,0.99184982,0.99184982,1.0
1773381600,0.99189477,0.99189477,1.0
1773388800,0.99194061,0.99194061,1.0
1773396000,0.99198711,0.99198711,1.0
1773403200,0.99203407,0.99203407,1.0
1773410400,0.99208129,0.99208129,1.0
1773417600,0.99212856,0.99212856,1.0
1773424800,0.99217567,0.99217567,1.0
1773432000,0.99222241,0.99222241,1.0
1773439200,0.99226857,0.99226857,1.0
1773446400,0.99231396,0.99231396,1.0
1773453600,0.99235835,0.99235835,1.0
1773460800,0.99240155,0.99240155,1.0
1773468000,0.99244335,0.99244335,1.0
1773475200,0.99248353,0.99248353,1.0
1773482400,0.9925219,0.9925219,1.0
1773489600,0.99255824,0.99255824,1.0
1773496800,0.99259235,0.99259235,1.0
1773504000,0.99262402,0.99262402,1.0
1773511200,0.99265304,0.99265304,1.0
1773518400,0.99267921,0.99267921,1.0
1773525600,0.99270232,0.99270232,1.0
1773532800,0.99272216,0.99272216,1.0
1773540000,0.99273852,0.99273852,1.0
1773547200,0.9927512,0.9927512,1.0
1773554400,0.99275999,0.99275999,1.0
1773561600,0.99276468,0.99276468,1.0
1773568800,0.99276507,0.99276507,1.0
1773576000,0.99276094,0.99276094,1.0
1773583200,0.99275209,0.99275209,1.0
1773590400,0.99273832,0.99273832,1.0
1773597600,0.99271943,0.99271943,1.0
1773604800,0.9926955,0.9926955,1.0
1773612000,0.99266693,0.99266693,1.0
1773619200,0.99263412,0.99263412,1.0
1773626400,0.99259748,0.99259748,1.0
1773633600,0.99255739,0.99255739,1.0
1773640800,0.99251426,0.99251426,1.0
1773648000,0.9924685,0.9924685,1.0
1773655200,0.99242051,0.99242051,1.0
1773662400,0.99237069,0.99237069,1.0
1773669600,0.99231943,0.99231943,1.0
1773676800,0.99226715,0.99226715,1.0
1773684000,0.99221424,0.99221424,1.0
1773691200,0.99216111,0.99216111,1.0
1773698400,0.99210815,0.99210815,1.0
1773705600,0.99205577,0.99205577,1.0
1773712800,0.99200437,0.99200437,1.0
1773720000,0.99195435,0.99195435,1.0
1773727200,0.99190611,0.99190611,1.0
1773734400,0.99186006,0.99186006,1.0
1773741600,0.9918166,0.9918166,1.0
1773748800,0.99177612,0.99177612,1.0
1773756000,0.99173903,0.99173903,1.0
1773763200,0.99170573,0.99170573,1.0
1773770400,0.99167663,0.99167663,1.0
1773777600,0.99165212,0.99165212,1.0
1773784800,0.9916326,0.9916326,1.0
1773792000,0.99161849,0.99161849,1.0
1773799200,0.99161017,0.99161017,1.0
1773806400,0.99160805,0.99160805,1.0
1773813600,0.99161254,0.99161254,1.0
1773820800,0.99162402,0.99162402,1.0
1773828000,0.99164292,0.99164292,1.0
1773835200,0.99166962,0.99166962,1.0
1773842400,0.99170453,0.99170453,1.0
1773849600,0.99174805,0.99174805,1.0
1773856800,0.99180057,0.99180057,1.0
1773864000,0.99186204,0.99186204,1.0
1773871200,0.99193198,0.99193198,1.0
1773878400,0.99200991,0.99200991,1.0
1773885600,0.99209531,0.99209531,1.0
1773892800,0.99218769,0.99218769,1.0
1773900000,0.99228655,0.99228655,1.0
1773907200,0.99239139,0.99239139,1.0
1773914400,0.99250171,0.99250171,1.0
1773921600,0.99261702,0.99261702,1.0
1773928800,0.99273681,0.99273681,1.0
1773936000,0.99286059,0.99286059,1.0
1773943200,0.99298785,0.99298785,1.0
1773950400,0.9931181,0.9931181,1.0
1773957600,0.99325084,0.99325084,1.0
1773964800,0.99338556,0.99338556,1.0
1773972000,0.99352178,0.99352178,1.0
1773979200,0.99365899,0.99365899,1.0
1773986400,0.99379669,0.99379669,1.0
1773993600,0.99393439,0.99393439,1.0
1774000800,0.99407158,0.99407158,1.0
1774008000,0.99420777,0.99420777,1.0
1774015200,0.99434245,0.99434245,1.0
1774022400,0.99447513,0.99447513,1.0
1774029600,0.99460531,0.99460531,1.0
1774036800,0.99473249,0.99473249,1.0
1774044000,0.99485617,0.99485617,1.0
1774051200,0.99497585,0.99497585,1.0
1774058400,0.99509104,0.99509104,1.0
1774065600,0.99520123,0.99520123,1.0
1774072800,0.99530592,0.99530592,1.0
1774080000,0.99540462,0.99540462,1.0
1774087200,0.99549683,0.99549683,1.0
1774094400,0.99558204,0.99558204,1.0
1774101600,0.99565977,0.99565977,1.0
1774108800,0.9957295,0.9957295,1.0
1774116000,0.99579077,0.99579077,1.0
1774123200,0.99584347,0.99584347,1.0
1774130400,0.99588792,0.99588792,1.0
1774137600,0.99592445,0.99592445,1.0
1774144800,0.99595341,0.99595341,1.0
1774152000,0.99597511,0.99597511,1.0
1774159200,0.9959899,0.9959899,1.0
1774166400,0.99599812,0.99599812,1.0
1774173600,0.99600008,0.99600008,1.0
1774180800,0.99599613,0.99599613,1.0
1774188000,0.99598659,0.99598659,1.0
1774195200,0.99597182,0.99597182,1.0
1774202400,0.99595212,0.99595212,1.0
1774209600,0.99592785,0.99592785,1.0
1774216800,0.99589933,0.99589933,1.0
1774224000,0.9958669,0.9958669,1.0
1774231200,0.99583089,0.99583089,1.0
1774238400,0.99579163,0.99579163,1.0
1774245600,0.99574946,0.99574946,1.0
1774252800,0.99570471,0.99570471,1.0
1774260000,0.99565771,0.99565771,1.0
1774267200,0.9956088,0.9956088,1.0
1774274400,0.99555831,0.99555831,1.0
1774281600,0.99550658,0.99550658,1.0
1774288800,0.99545394,0.99545394,1.0
1774296000,0.99540072,0.99540072,1.0
1774303200,0.99534725,0.99534725,1.0
1774310400,0.99529387,0.99529387,1.0
1774317600,0.99524091,0.99524091,1.0
1774324800,0.99518871,0.99518871,1.0
1774332000,0.9951376,0.9951376,1.0
1774339200,0.99508792,0.99508792,1.0
1774346400,0.99503998,0.99503998,1.0
1774353600,0.99499414,0.99499414,1.0
1774360800,0.99495072,0.99495072,1.0
1774368000,0.99491006,0.99491006,1.0
1774375200,0.99487248,0.99487248,1.0
1774382400,0.9948381,0.9948381,1.0
1774389600,0.99480684,0.99480684,1.0
1774396800,0.99477859,0.99477859,1.0
1774404000,0.99475326,0.99475326,1.0
1774411200,0.99473075,0.99473075,1.0
1774418400,0.99471095,0.99471095,1.0
1774425600,0.99469378,0.99469378,1.0
1774432800,0.99467913,0.99467913,1.0
1774440000,0.99466689,0.99466689,1.0
1774447200,0.99465699,0.99465699,1.0
1774454400,0.9946493,0.9946493,1.0
1774461600,0.99464374,0.99464374,1.0
1774468800,0.99464021,0.99464021,1.0
1774476000,0.99463861,0.99463861,1.0
1774483200,0.99463884,0.99463884,1.0
1774490400,0.99464079,0.99464079,1.0
1774497600,0.99464438,0.99464438,1.0
1774504800,0.9946495,0.9946495,1.0
1774512000,0.99465606,0.99465606,1.0
1774519200,0.99466395,0.99466395,1.0
1774526400,0.99467307,0.99467307,1.0
1774533600,0.99468334,0.99468334,1.0
1774540800,0.99469464,0.99469464,1.0
1774548000,0.99470688,0.99470688,1.0
1774555200,0.99471996,0.99471996,1.0
1774562400,0.99473378,0.99473378,1.0
1774569600,0.99474825,0.99474825,1.0
1774576800,0.99476326,0.99476326,1.0
1774584000,0.99477871,0.99477871,1.0
1774591200,0.99479452,0.99479452,1.0
1774598400,0.99481057,0.99481057,1.0
1774605600,0.99482676,0.99482676,1.0
1774612800,0.99484301,0.99484301,1.0
1774620000,0.99485921,0.99485921,1.0
1774627200,0.99487526,0.99487526,1.0
1774634400,0.99489107,0.99489107,1.0
1774641600,0.99490659,0.99490659,1.0
1774648800,0.99492182,0.99492182,1.0
1774656000,0.99493677,0.99493677,1.0
1774663200,0.99495145,0.99495145,1.0
1774670400,0.99496587,0.99496587,1.0
1774677600,0.99498003,0.99498003,1.0
1774684800,0.99499395,0.99499395,1.0
1774692000,0.99500763,0.99500763,1.0
1774699200,0.99502107,0.99502107,1.0
1774706400,0.99503429,0.99503429,1.0
1774713600,0.9950473,0.9950473,1.0
1774720800,0.99506009,0.99506009,1.0
1774728000,0.99507269,0.99507269,1.0
1774735200,0.99508509,0.99508509,1.0
1774742400,0.9950973,0.9950973,1.0
1774749600,0.99510934,0.99510934,1.0
1774756800,0.99512121,0.99512121,1.0
1774764000,0.99513291,0.99513291,1.0
1774771200,0.99514447,0.99514447,1.0
1774778400,0.99515587,0.99515587,1.0
1774785600,0.99516713,0.99516713,1.0
1774792800,0.99517827,0.99517827,1.0
1774800000,0.99518928,0.99518928,1.0
1774807200,0.99520017,0.99520017,1.0
1774814400,0.99521095,0.99521095,1.0
1774821600,0.99522164,0.99522164,1.0
1774828800,0.99523223,0.99523223,1.0
1774836000,0.99524273,0.99524273,1.0
1774843200,0.99525316,0.99525316,1.0
1774850400,0.99526352,0.99526352,1.0
1774857600,0.99527382,0.99527382,1.0
1774864800,0.99528406,0.99528406,1.0
1774872000,0.99529425,0.99529425,1.0
1774879200,0.99530441,0.99530441,1.0
1774886400,0.99531453,0.99531453,1.0
1774893600,0.99532464,0.99532464,1.0
1774900800,0.99533472,0.99533472,1.0
1774908000,0.99534479,0.99534479,1.0
1774915200,0.99535485,0.99535485,1.0
1774922400,0.99536491,0.99536491,1.0
1774929600,0.99537496,0.99537496,1.0
1774936800,0.99538502,0.99538502,1.0
1774944000,0.99539508,0.99539508,1.0
1774951200,0.99540515,0.99540515,1.0
1774958400,0.99541524,0.99541524,1.0
1774965600,0.99542535,0.99542535,1.0
1774972800,0.99543548,0.99543548,1.0
1774980000,0.99544564,0.99544564,1.0
1774987200,0.99545583,0.99545583,1.0
1774994400,0.99546606,0.99546606,1.0
1775001600,0.99547633,0.99547633,1.0
1775008800,0.99548664,0.99548664,1.0
1775016000,0.99549699,0.99549699,1.0
1775023200,0.9955074,0.9955074,1.0
1775030400,0.99551786,0.99551786,1.0
1775037600,0.99552839,0.99552839,1.0
1775044800,0.99553898,0.99553898,1.0
1775052000,0.99554963,0.99554963,1.0
1775059200,0.99556036,0.99556036,1.0
1775066400,0.99557117,0.99557117,1.0
1775073600,0.99558205,0.99558205,1.0
1775080800,0.99559302,0.99559302,1.0
1775088000,0.99560408,0.99560408,1.0
1775095200,0.99561523,0.99561523,1.0
1775102400,0.99562647,0.99562647,1.0
1775109600,0.99563782,0.99563782,1.0
1775116800,0.99564927,0.99564927,1.0
1775124000,0.99566084,0.99566084,1.0
1775131200,0.99567251,0.99567251,1.0
1775138400,0.9956843,0.9956843,1.0
1775145600,0.99569621,0.99569621,1.0
1775152800,0.99570825,0.99570825,1.0
1775160000,0.99572042,0.99572042,1.0
1775167200,0.99573271,0.99573271,1.0
1775174400,0.99574515,0.99574515,1.0
1775181600,0.99575773,0.99575773,1.0
1775188800,0.99577045,0.99577045,1.0
1775196000,0.99578333,0.99578333,1.0
1775203200,0.99579636,0.99579636,1.0
1775210400,0.99580954,0.99580954,1.0
1775217600,0.99582289,0.99582289,1.0
1775224800,0.9958364,0.9958364,1.0
1775232000,0.99585008,0.99585008,1.0
1775239200,0.99586394,0.99586394,1.0
1775246400,0.99587797,0.99587797,1.0
1775253600,0.99589219,0.99589219,1.0
1775260800,0.9959066,0.9959066,1.0
1775268000,0.99592119,0.99592119,1.0
1775275200,0.99593598,0.99593598,1.0
1775282400,0.99595096,0.99595096,1.0
1775289600,0.99596615,0.99596615,1.0
1775296800,0.99598155,0.99598155,1.0
1775304000,0.99599716,0.99599716,1.0
1775311200,0.99601298,0.99601298,1.0
1775318400,0.99602902,0.99602902,1.0
1775325600,0.99604528,0.99604528,1.0
1775332800,0.99606178,0.99606178,1.0
1775340000,0.9960785,0.9960785,1.0
1775347200,0.99609546,0.99609546,1.0
1775354400,0.99611265,0.99611265,1.0
1775361600,0.99613009,0.99613009,1.0
1775368800,0.99614778,0.99614778,1.0
1775376000,0.99616572,0.99616572,1.0
1775383200,0.99618391,0.99618391,1.0
1775390400,0.99620237,0.99620237,1.0
1775397600,0.99622109,0.99622109,1.0
1775404800,0.99624007,0.99624007,1.0
1775412000,0.99625933,0.99625933,1.0
1775419200,0.99627885,0.99627885,1.0
1775426400,0.99629862,0.99629862,1.0
1775433600,0.99631861,0.99631861,1.0
1775440800,0.99633881,0.99633881,1.0
1775448000,0.9963592,0.9963592,1.0
1775455200,0.99637975,0.99637975,1.0
1775462400,0.99640046,0.99640046,1.0
1775469600,0.99642129,0.99642129,1.0
1775476800,0.99644223,0.99644223,1.0
1775484000,0.99646326,0.99646326,1.0
1775491200,0.99648436,0.99648436,1.0
1775498400,0.99650552,0.99650552,1.0
1775505600,0.9965267,0.9965267,1.0
1775512800,0.9965479,0.9965479,1.0
1775520000,0.99656909,0.99656909,1.0
1775527200,0.99659026,0.99659026,1.0
1775534400,0.99661138,0.99661138,1.0
1775541600,0.99663244,0.99663244,1.0
1775548800,0.99665341,0.99665341,1.0
1775556000,0.99667428,0.99667428,1.0
1775563200,0.99669503,0.99669503,1.0
1775570400,0.99671563,0.99671563,1.0
1775577600,0.99673607,0.99673607,1.0
1775584800,0.99675634,0.99675634,1.0
1775592000,0.9967764,0.9967764,1.0
1775599200,0.99679624,0.99679624,1.0
1775606400,0.99681584,0.99681584,1.0
1775613600,0.99683519,0.99683519,1.0
1775620800,0.99685425,0.99685425,1.0
1775628000,0.99687302,0.99687302,1.0
1775635200,0.99689148,0.99689148,1.0
1775642400,0.99690959,0.99690959,1.0
1775649600,0.99692736,0.99692736,1.0
1775656800,0.99694474,0.99694474,1.0
1775664000,0.99696174,0.99696174,1.0
1775671200,0.99697832,0.99697832,1.0
1775678400,0.99699448,0.99699448,1.0
1775685600,0.99701022,0.99701022,1.0
1775692800,0.99702555,0.99702555,1.0
1775700000,0.99704048,0.99704048,1.0
1775707200,0.997055,0.997055,1.0
1775714400,0.99706913,0.99706913,1.0
1775721600,0.99708286,0.99708286,1.0
1775728800,0.99709621,0.99709621,1.0
1775736000,0.99710917,0.99710917,1.0
1775743200,0.99712176,0.99712176,1.0
1775750400,0.99713397,0.99713397,1.0
1775757600,0.99714581,0.99714581,1.0
1775764800,0.99715728,0.99715728,1.0
1775772000,0.9971684,0.9971684,1.0
1775779200,0.99717916,0.99717916,1.0
1775786400,0.99718958,0.99718958,1.0
1775793600,0.99719964,0.99719964,1.0
1775800800,0.99720937,0.99720937,1.0
1775808000,0.99721876,0.99721876,1.0
1775815200,0.99722782,0.99722782,1.0
1775822400,0.99723655,0.99723655,1.0
1775829600,0.99724496,0.99724496,1.0
1775836800,0.99725305,0.99725305,1.0
1775844000,0.99726083,0.99726083,1.0
1775851200,0.9972683,0.9972683,1.0
1775858400,0.99727547,0.99727547,1.0
1775865600,0.99728235,0.99728235,1.0
1775872800,0.99728892,0.99728892,1.0
1775880000,0.99729521,0.99729521,1.0
1775887200,0.99730122,0.99730122,1.0
1775894400,0.99730694,0.99730694,1.0
1775901600,0.99731239,0.99731239,1.0
1775908800,0.99731757,0.99731757,1.0
1775916000,0.99732249,0.99732249,1.0
1775923200,0.99732715,0.99732715,1.0
1775930400,0.99733154,0.99733154,1.0
1775937600,0.99733569,0.99733569,1.0
1775944800,0.99733959,0.99733959,1.0
1775952000,0.99734325,0.99734325,1.0
1775959200,0.99734668,0.99734668,1.0
1775966400,0.99734987,0.99734987,1.0
1775973600,0.99735283,0.99735283,1.0
1775980800,0.99735557,0.99735557,1.0
1775988000,0.99735809,0.99735809,1.0
1775995200,0.9973604,0.9973604,1.0
1776002400,0.9973625,0.9973625,1.0
1776009600,0.9973644,0.9973644,1.0
1776016800,0.9973661,0.9973661,1.0
1776024000,0.9973676,0.9973676,1.0
1776031200,0.99736891,0.99736891,1.0
1776038400,0.99737004,0.99737004,1.0
1776045600,0.99737099,0.99737099,1.0
1776052800,0.99737176,0.99737176,1.0
1776060000,0.99737236,0.99737236,1.0
1776067200,0.9973728,0.9973728,1.0
1776074400,0.99737307,0.99737307,1.0
1776081600,0.99737319,0.99737319,1.0
1776088800,0.99737315,0.99737315,1.0
1776096000,0.99737297,0.99737297,1.0
1776103200,0.99737264,0.99737264,1.0
1776110400,0.99737218,0.99737218,1.0
1776117600,0.99737158,0.99737158,1.0
1776124800,0.99737086,0.99737086,1.0
1776132000,0.99737001,0.99737001,1.0
1776139200,0.99736904,0.99736904,1.0
1776146400,0.99736796,0.99736796,1.0
1776153600,0.99736677,0.99736677,1.0
1776160800,0.99736548,0.99736548,1.0
1776168000,0.99736408,0.99736408,1.0
1776175200,0.99736259,0.99736259,1.0
1776182400,0.99736101,0.99736101,1.0
1776189600,0.99735934,0.99735934,1.0
1776196800,0.99735759,0.99735759,1.0
1776204000,0.99735576,0.99735576,1.0
1776211200,0.99735386,0.99735386,1.0
1776218400,0.9973519,0.9973519,1.0
1776225600,0.99734987,0.99734987,1.0
1776232800,0.99734779,0.99734779,1.0
1776240000,0.99734565,0.99734565,1.0
1776247200,0.99734346,0.99734346,1.0
1776254400,0.99734123,0.99734123,1.0
1776261600,0.99733897,0.99733897,1.0
1776268800,0.99733666,0.99733666,1.0
1776276000,0.99733433,0.99733433,1.0
1776283200,0.99733197,0.99733197,1.0
1776290400,0.9973296,0.9973296,1.0
1776297600,0.99732721,0.99732721,1.0
1776304800,0.9973248,0.9973248,1.0
1776312000,0.9973224,0.9973224,1.0
1776319200,0.99731999,0.99731999,1.0
1776326400,0.99731758,0.99731758,1.0
1776333600,0.99731519,0.99731519,1.0
1776340800,0.9973128,0.9973128,1.0
1776348000,0.99731044,0.99731044,1.0
1776355200,0.99730809,0.99730809,1.0
1776362400,0.99730578,0.99730578,1.0
1776369600,0.99730349,0.99730349,1.0
1776376800,0.99730125,0.99730125,1.0
1776384000,0.99729904,0.99729904,1.0
1776391200,0.99729688,0.99729688,1.0
1776398400,0.99729477,0.99729477,1.0
1776405600,0.99729272,0.99729272,1.0
1776412800,0.99729073,0.99729073,1.0
1776420000,0.9972888,0.9972888,1.0
1776427200,0.99728694,0.99728694,1.0
1776434400,0.99728516,0.99728516,1.0
1776441600,0.99728345,0.99728345,1.0
1776448800,0.99728183,0.99728183,1.0
1776456000,0.9972803,0.9972803,1.0
1776463200,0.99727886,0.99727886,1.0
1776470400,0.99727752,0.99727752,1.0
1776477600,0.99727628,0.99727628,1.0
1776484800,0.99727515,0.99727515,1.0
1776492000,0.99727413,0.99727413,1.0
1776499200,0.99727323,0.99727323,1.0
1776506400,0.99727245,0.99727245,1.0
1776513600,0.9972718,0.9972718,1.0
1776520800,0.99727127,0.99727127,1.0
1776528000,0.99727089,0.99727089,1.0
1776535200,0.99727064,0.99727064,1.0
1776542400,0.99727054,0.99727054,1.0
1776549600,0.99727059,0.99727059,1.0
1776556800,0.99727079,0.99727079,1.0
1776564000,0.99727116,0.99727116,1.0
1776571200,0.99727168,0.99727168,1.0
1776578400,0.99727238,0.99727238,1.0
1776585600,0.99727325,0.99727325,1.0
1776592800,0.9972743,0.9972743,1.0
1776600000,0.99727553,0.99727553,1.0
1776607200,0.99727695,0.99727695,1.0
1776614400,0.99727856,0.99727856,1.0
1776621600,0.99728036,0.99728036,1.0
1776628800,0.99728237,0.99728237,1.0
1776636000,0.99728459,0.99728459,1.0
1776643200,0.99728702,0.99728702,1.0
1776650400,0.99728966,0.99728966,1.0
1776657600,0.99729253,0.99729253,1.0
1776664800,0.99729562,0.99729562,1.0
1776672000,0.99729894,0.99729894,1.0
1776679200,0.99730249,0.99730249,1.0
1776686400,0.99730629,0.99730629,1.0
1776693600,0.99731032,0.99731032,1.0
1776700800,0.99731461,0.99731461,1.0
1776708000,0.99731915,0.99731915,1.0
1776715200,0.99732395,0.99732395,1.0
1776722400,0.99732902,0.99732902,1.0
1776729600,0.99733435,0.99733435,1.0
1776736800,0.99733995,0.99733995,1.0
1776744000,0.99734583,0.99734583,1.0
1776751200,0.99735199,0.99735199,1.0
1776758400,0.99735844,0.99735844,1.0
1776765600,0.99736519,0.99736519,1.0
1776772800,0.99737222,0.99737222,1.0
1776780000,0.99737956,0.99737956,1.0
1776787200,0.99738721,0.99738721,1.0
1776794400,0.99739516,0.99739516,1.0
1776801600,0.99740343,0.99740343,1.0
1776808800,0.99741202,0.99741202,1.0
1776816000,0.99742093,0.99742093,1.0
1776823200,0.99743018,0.99743018,1.0
1776830400,0.99743975,0.99743975,1.0
1776837600,0.99744967,0.99744967,1.0
1776844800,0.99745993,0.99745993,1.0
1776852000,0.99747053,0.99747053,1.0
1776859200,0.99748149,0.99748149,1.0
1776866400,0.99749281,0.99749281,1.0
1776873600,0.99750449,0.99750449,1.0
1776880800,0.99751654,0.99751654,1.0
1776888000,0.99752896,0.99752896,1.0
1776895200,0.99754175,0.99754175,1.0
1776902400,0.99755493,0.99755493,1.0
1776909600,0.99756849,0.99756849,1.0
1776916800,0.99758244,0.99758244,1.0
1776924000,0.99759679,0.99759679,1.0
1776931200,0.99761154,0.99761154,1.0
1776938400,0.99762669,0.99762669,1.0
1776945600,0.99764225,0.99764225,1.0
1776952800,0.99765823,0.99765823,1.0
1776960000,0.99767462,0.99767462,1.0
1776967200,0.99769144,0.99769144,1.0
1776974400,0.99770869,0.99770869,1.0
1776981600,0.99772637,0.99772637,1.0
1776988800,0.99774448,0.99774448,1.0
1776996000,0.99776304,0.99776304,1.0
1777003200,0.99778205,0.99778205,1.0
1777010400,0.99780151,0.99780151,1.0
1777017600,0.99782143,0.99782143,1.0
1777024800,0.9978418,0.9978418,1.0
1777032000,0.99786265,0.99786265,1.0
1777039200,0.99788396,0.99788396,1.0
1777046400,0.99790575,0.99790575,1.0
1777053600,0.99792802,0.99792802,1.0
1777060800,0.99795077,0.99795077,1.0
1777068000,0.99797402,0.99797402,1.0
1777075200,0.99799776,0.99799776,1.0
1777082400,0.99802199,0.99802199,1.0
1777089600,0.99804674,0.99804674,1.0
1777096800,0.99807199,0.99807199,1.0
1777104000,0.99809775,0.99809775,1.0
1777111200,0.99812403,0.99812403,1.0
1777118400,0.99815083,0.99815083,1.0
1777125600,0.99817816,0.99817816,1.0
1777132800,0.99820603,0.99820603,1.0
1777140000,0.99823443,0.99823443,1.0
1777147200,0.99826337,0.99826337,1.0
1777154400,0.99829286,0.99829286,1.0
1777161600,0.9983229,0.9983229,1.0
1777168800,0.99835349,0.99835349,1.0
1777176000,0.99838465,0.99838465,1.0
1777183200,0.99841637,0.99841637,1.0
1777190400,0.99844866,0.99844866,1.0
1777197600,0.99848152,0.99848152,1.0
1777204800,0.99851497,0.99851497,1.0
1777212000,0.99854899,0.99854899,1.0
1777219200,0.99858361,0.99858361,1.0
1777226400,0.99861882,0.99861882,1.0
1777233600,0.99865463,0.99865463,1.0
1777240800,0.99869104,0.99869104,1.0
1777248000,0.99872806,0.99872806,1.0
1777255200,0.99876569,0.99876569,1.0
1777262400,0.99880394,0.99880394,1.0
1777269600,0.99884281,0.99884281,1.0
1777276800,0.99888231,0.99888231,1.0
1777284000,0.99892243,0.99892243,1.0
1777291200,0.9989632,0.9989632,1.0
1777298400,0.9990046,0.9990046,1.0
1777305600,0.99904665,0.99904665,1.0
1777312800,0.99908935,0.99908935,1.0
1777320000,0.99913271,0.99913271,1.0
1777327200,0.99917672,0.99917672,1.0
1777334400,0.9992214,0.9992214,1.0
1777341600,0.99926674,0.99926674,1.0
1777348800,0.99931276,0.99931276,1.0
1777356000,0.99935946,0.99935946,1.0
1777363200,0.99940685,0.99940685,1.0
1777370400,0.99945492,0.99945492,1.0
1777377600,0.99950368,0.99950368,1.0
1777384800,0.99955314,0.99955314,1.0
1777392000,0.9996033,0.9996033,1.0
1777399200,0.99965417,0.99965417,1.0
1777406400,0.99970575,0.99970575,1.0
1777413600,0.99975805,0.99975805,1.0
1777420800,0.99981106,0.99981106,1.0
1777428000,0.9998648,0.9998648,1.0
1777435200,0.99991928,0.99991928,1.0
1777442400,0.99997448,0.99997448,1.0
1777449600,1.00003043,1.00003043,1.0
1777456800,1.00008712,1.00008712,1.0
1777464000,1.00010178,1.00010178,1.0
1777471200,1.00010178,1.00010178,1.0
1777478400,1.00010178,1.00010178,1.0
1777485600,1.00010178,1.00010178,1.0
1777492800,1.00010178,1.00010178,1.0
1777500000,1.00010178,1.00010178,1.0
1777507200,1.00010178,1.00010178,1.0
1777514400,1.00010178,1.00010178,1.0
1777521600,1.00010178,1.00010178,1.0
1777528800,1.00010178,1.00010178,1.0
1777536000,1.00010178,1.00010178,1.0
1777543200,1.00010178,1.00010178,1.0
1777550400,1.00010178,1.00010178,1.0
1777557600,1.00010178,1.00010178,1.0
1777564800,1.00010178,1.00010178,1.0
